# Jump Spring - 4 physically separate OBJ objects

o BottomPad
g BottomPad
v 0.750000 0.000000 0.000000
v 0.735589 0.146318 0.000000
v 0.692910 0.287013 0.000000
v 0.623602 0.416678 0.000000
v 0.530330 0.530330 0.000000
v 0.416678 0.623602 0.000000
v 0.287013 0.692910 0.000000
v 0.146318 0.735589 0.000000
v 0.000000 0.750000 0.000000
v -0.146318 0.735589 0.000000
v -0.287013 0.692910 0.000000
v -0.416678 0.623602 0.000000
v -0.530330 0.530330 0.000000
v -0.623602 0.416678 0.000000
v -0.692910 0.287013 0.000000
v -0.735589 0.146318 0.000000
v -0.750000 0.000000 0.000000
v -0.735589 -0.146318 0.000000
v -0.692910 -0.287013 0.000000
v -0.623602 -0.416678 0.000000
v -0.530330 -0.530330 0.000000
v -0.416678 -0.623602 0.000000
v -0.287013 -0.692910 0.000000
v -0.146318 -0.735589 0.000000
v -0.000000 -0.750000 0.000000
v 0.146318 -0.735589 0.000000
v 0.287013 -0.692910 0.000000
v 0.416678 -0.623602 0.000000
v 0.530330 -0.530330 0.000000
v 0.623602 -0.416678 0.000000
v 0.692910 -0.287013 0.000000
v 0.735589 -0.146318 0.000000
v 0.750000 0.000000 0.220000
v 0.735589 0.146318 0.220000
v 0.692910 0.287013 0.220000
v 0.623602 0.416678 0.220000
v 0.530330 0.530330 0.220000
v 0.416678 0.623602 0.220000
v 0.287013 0.692910 0.220000
v 0.146318 0.735589 0.220000
v 0.000000 0.750000 0.220000
v -0.146318 0.735589 0.220000
v -0.287013 0.692910 0.220000
v -0.416678 0.623602 0.220000
v -0.530330 0.530330 0.220000
v -0.623602 0.416678 0.220000
v -0.692910 0.287013 0.220000
v -0.735589 0.146318 0.220000
v -0.750000 0.000000 0.220000
v -0.735589 -0.146318 0.220000
v -0.692910 -0.287013 0.220000
v -0.623602 -0.416678 0.220000
v -0.530330 -0.530330 0.220000
v -0.416678 -0.623602 0.220000
v -0.287013 -0.692910 0.220000
v -0.146318 -0.735589 0.220000
v -0.000000 -0.750000 0.220000
v 0.146318 -0.735589 0.220000
v 0.287013 -0.692910 0.220000
v 0.416678 -0.623602 0.220000
v 0.530330 -0.530330 0.220000
v 0.623602 -0.416678 0.220000
v 0.692910 -0.287013 0.220000
v 0.735589 -0.146318 0.220000
f 1 2 34 33
f 2 3 35 34
f 3 4 36 35
f 4 5 37 36
f 5 6 38 37
f 6 7 39 38
f 7 8 40 39
f 8 9 41 40
f 9 10 42 41
f 10 11 43 42
f 11 12 44 43
f 12 13 45 44
f 13 14 46 45
f 14 15 47 46
f 15 16 48 47
f 16 17 49 48
f 17 18 50 49
f 18 19 51 50
f 19 20 52 51
f 20 21 53 52
f 21 22 54 53
f 22 23 55 54
f 23 24 56 55
f 24 25 57 56
f 25 26 58 57
f 26 27 59 58
f 27 28 60 59
f 28 29 61 60
f 29 30 62 61
f 30 31 63 62
f 31 32 64 63
f 32 1 33 64
f 32 31 30 29 28 27 26 25 24 23 22 21 20 19 18 17 16 15 14 13 12 11 10 9 8 7 6 5 4 3 2 1
f 33 34 35 36 37 38 39 40 41 42 43 44 45 46 47 48 49 50 51 52 53 54 55 56 57 58 59 60 61 62 63 64

o Spring
g Spring
v 0.504839 0.004905 0.300000
v 0.494603 0.007452 0.262638
v 0.467056 0.008002 0.235287
v 0.429580 0.006407 0.225275
v 0.392217 0.003096 0.235287
v 0.364977 -0.001044 0.262638
v 0.355161 -0.004905 0.300000
v 0.365397 -0.007452 0.337362
v 0.392944 -0.008002 0.364713
v 0.430420 -0.006407 0.374725
v 0.467783 -0.003096 0.364713
v 0.495023 0.001044 0.337362
v 0.500680 0.065916 0.304833
v 0.490298 0.067794 0.267472
v 0.462773 0.066546 0.240121
v 0.425481 0.062506 0.230110
v 0.388415 0.056757 0.240121
v 0.361505 0.050838 0.267472
v 0.351963 0.046337 0.304833
v 0.362345 0.044458 0.342195
v 0.389869 0.045706 0.369546
v 0.427161 0.049746 0.379557
v 0.464228 0.055496 0.369546
v 0.491137 0.061414 0.342195
v 0.487793 0.130704 0.309667
v 0.477254 0.131211 0.272305
v 0.450128 0.126381 0.244954
v 0.413683 0.117508 0.234943
v 0.377684 0.106969 0.244954
v 0.351777 0.097589 0.272305
v 0.342904 0.091881 0.309667
v 0.353442 0.091374 0.347028
v 0.380568 0.096204 0.374379
v 0.417014 0.105077 0.384390
v 0.453013 0.115615 0.374379
v 0.478920 0.124995 0.347028
v 0.466559 0.193255 0.314500
v 0.456045 0.192382 0.277138
v 0.429781 0.184053 0.249788
v 0.394806 0.170499 0.239777
v 0.360490 0.155352 0.249788
v 0.336029 0.142670 0.277138
v 0.327977 0.135853 0.314500
v 0.338492 0.136725 0.351862
v 0.364755 0.145055 0.379212
v 0.399731 0.158609 0.389223
v 0.434046 0.173756 0.379212
v 0.458507 0.186437 0.351862
v 0.437343 0.252500 0.319333
v 0.427032 0.250262 0.281972
v 0.402081 0.238576 0.254621
v 0.369174 0.220573 0.244610
v 0.337129 0.201076 0.254621
v 0.314532 0.185310 0.281972
v 0.307439 0.177500 0.319333
v 0.317750 0.179738 0.356695
v 0.342701 0.191424 0.384046
v 0.375608 0.209427 0.394057
v 0.407653 0.228924 0.384046
v 0.430250 0.244690 0.356695
v 0.400643 0.307425 0.324167
v 0.390713 0.303860 0.286805
v 0.367500 0.289017 0.259454
v 0.337225 0.266873 0.249443
v 0.307999 0.243360 0.259454
v 0.287653 0.224780 0.286805
v 0.281640 0.216110 0.324167
v 0.291571 0.219675 0.361528
v 0.314784 0.234518 0.388879
v 0.345059 0.256662 0.398890
v 0.374285 0.280175 0.388879
v 0.394630 0.298755 0.361528
v 0.357089 0.357089 0.329000
v 0.347709 0.352259 0.291638
v 0.326632 0.334513 0.264288
v 0.299506 0.308606 0.254277
v 0.273599 0.281480 0.264288
v 0.255853 0.260403 0.291638
v 0.251023 0.251023 0.329000
v 0.260403 0.255853 0.366362
v 0.281480 0.273599 0.393712
v 0.308606 0.299506 0.403723
v 0.334513 0.326632 0.393712
v 0.352259 0.347709 0.366362
v 0.307425 0.400643 0.333833
v 0.298755 0.394630 0.296472
v 0.280175 0.374285 0.269121
v 0.256662 0.345059 0.259110
v 0.234518 0.314784 0.269121
v 0.219675 0.291571 0.296472
v 0.216110 0.281640 0.333833
v 0.224780 0.287653 0.371195
v 0.243360 0.307999 0.398546
v 0.266873 0.337225 0.408557
v 0.289017 0.367500 0.398546
v 0.303860 0.390713 0.371195
v 0.252500 0.437343 0.338667
v 0.244690 0.430250 0.301305
v 0.228924 0.407653 0.273954
v 0.209427 0.375608 0.263943
v 0.191424 0.342701 0.273954
v 0.179738 0.317750 0.301305
v 0.177500 0.307439 0.338667
v 0.185310 0.314532 0.376028
v 0.201076 0.337129 0.403379
v 0.220573 0.369174 0.413390
v 0.238576 0.402081 0.403379
v 0.250262 0.427032 0.376028
v 0.193255 0.466559 0.343500
v 0.186437 0.458507 0.306138
v 0.173756 0.434046 0.278788
v 0.158609 0.399731 0.268777
v 0.145055 0.364755 0.278788
v 0.136725 0.338492 0.306138
v 0.135853 0.327977 0.343500
v 0.142670 0.336029 0.380862
v 0.155352 0.360490 0.408212
v 0.170499 0.394806 0.418223
v 0.184053 0.429781 0.408212
v 0.192382 0.456045 0.380862
v 0.130704 0.487793 0.348333
v 0.124995 0.478920 0.310972
v 0.115615 0.453013 0.283621
v 0.105077 0.417014 0.273610
v 0.096204 0.380568 0.283621
v 0.091374 0.353442 0.310972
v 0.091881 0.342904 0.348333
v 0.097589 0.351777 0.385695
v 0.106969 0.377684 0.413046
v 0.117508 0.413683 0.423057
v 0.126381 0.450128 0.413046
v 0.131211 0.477254 0.385695
v 0.065916 0.500680 0.353167
v 0.061414 0.491137 0.315805
v 0.055496 0.464228 0.288454
v 0.049746 0.427161 0.278443
v 0.045706 0.389869 0.288454
v 0.044458 0.362345 0.315805
v 0.046337 0.351963 0.353167
v 0.050838 0.361505 0.390528
v 0.056757 0.388415 0.417879
v 0.062506 0.425481 0.427890
v 0.066546 0.462773 0.417879
v 0.067794 0.490298 0.390528
v 0.000000 0.505000 0.358000
v -0.003217 0.494952 0.320638
v -0.005573 0.467500 0.293288
v -0.006435 0.430000 0.283277
v -0.005573 0.392500 0.293288
v -0.003217 0.365048 0.320638
v 0.000000 0.355000 0.358000
v 0.003217 0.365048 0.395362
v 0.005573 0.392500 0.422712
v 0.006435 0.430000 0.432723
v 0.005573 0.467500 0.422712
v 0.003217 0.494952 0.395362
v -0.065916 0.500680 0.362833
v -0.067794 0.490298 0.325472
v -0.066546 0.462773 0.298121
v -0.062506 0.425481 0.288110
v -0.056757 0.388415 0.298121
v -0.050838 0.361505 0.325472
v -0.046337 0.351963 0.362833
v -0.044458 0.362345 0.400195
v -0.045706 0.389869 0.427546
v -0.049746 0.427161 0.437557
v -0.055496 0.464228 0.427546
v -0.061414 0.491137 0.400195
v -0.130704 0.487793 0.367667
v -0.131211 0.477254 0.330305
v -0.126381 0.450128 0.302954
v -0.117508 0.413683 0.292943
v -0.106969 0.377684 0.302954
v -0.097589 0.351777 0.330305
v -0.091881 0.342904 0.367667
v -0.091374 0.353442 0.405028
v -0.096204 0.380568 0.432379
v -0.105077 0.417014 0.442390
v -0.115615 0.453013 0.432379
v -0.124995 0.478920 0.405028
v -0.193255 0.466559 0.372500
v -0.192382 0.456045 0.335138
v -0.184053 0.429781 0.307788
v -0.170499 0.394806 0.297777
v -0.155352 0.360490 0.307788
v -0.142670 0.336029 0.335138
v -0.135853 0.327977 0.372500
v -0.136725 0.338492 0.409862
v -0.145055 0.364755 0.437212
v -0.158609 0.399731 0.447223
v -0.173756 0.434046 0.437212
v -0.186437 0.458507 0.409862
v -0.252500 0.437343 0.377333
v -0.250262 0.427032 0.339972
v -0.238576 0.402081 0.312621
v -0.220573 0.369174 0.302610
v -0.201076 0.337129 0.312621
v -0.185310 0.314532 0.339972
v -0.177500 0.307439 0.377333
v -0.179738 0.317750 0.414695
v -0.191424 0.342701 0.442046
v -0.209427 0.375608 0.452057
v -0.228924 0.407653 0.442046
v -0.244690 0.430250 0.414695
v -0.307425 0.400643 0.382167
v -0.303860 0.390713 0.344805
v -0.289017 0.367500 0.317454
v -0.266873 0.337225 0.307443
v -0.243360 0.307999 0.317454
v -0.224780 0.287653 0.344805
v -0.216110 0.281640 0.382167
v -0.219675 0.291571 0.419528
v -0.234518 0.314784 0.446879
v -0.256662 0.345059 0.456890
v -0.280175 0.374285 0.446879
v -0.298755 0.394630 0.419528
v -0.357089 0.357089 0.387000
v -0.352259 0.347709 0.349638
v -0.334513 0.326632 0.322288
v -0.308606 0.299506 0.312277
v -0.281480 0.273599 0.322288
v -0.260403 0.255853 0.349638
v -0.251023 0.251023 0.387000
v -0.255853 0.260403 0.424362
v -0.273599 0.281480 0.451712
v -0.299506 0.308606 0.461723
v -0.326632 0.334513 0.451712
v -0.347709 0.352259 0.424362
v -0.400643 0.307425 0.391833
v -0.394630 0.298755 0.354472
v -0.374285 0.280175 0.327121
v -0.345059 0.256662 0.317110
v -0.314784 0.234518 0.327121
v -0.291571 0.219675 0.354472
v -0.281640 0.216110 0.391833
v -0.287653 0.224780 0.429195
v -0.307999 0.243360 0.456546
v -0.337225 0.266873 0.466557
v -0.367500 0.289017 0.456546
v -0.390713 0.303860 0.429195
v -0.437343 0.252500 0.396667
v -0.430250 0.244690 0.359305
v -0.407653 0.228924 0.331954
v -0.375608 0.209427 0.321943
v -0.342701 0.191424 0.331954
v -0.317750 0.179738 0.359305
v -0.307439 0.177500 0.396667
v -0.314532 0.185310 0.434028
v -0.337129 0.201076 0.461379
v -0.369174 0.220573 0.471390
v -0.402081 0.238576 0.461379
v -0.427032 0.250262 0.434028
v -0.466559 0.193255 0.401500
v -0.458507 0.186437 0.364138
v -0.434046 0.173756 0.336788
v -0.399731 0.158609 0.326777
v -0.364755 0.145055 0.336788
v -0.338492 0.136725 0.364138
v -0.327977 0.135853 0.401500
v -0.336029 0.142670 0.438862
v -0.360490 0.155352 0.466212
v -0.394806 0.170499 0.476223
v -0.429781 0.184053 0.466212
v -0.456045 0.192382 0.438862
v -0.487793 0.130704 0.406333
v -0.478920 0.124995 0.368972
v -0.453013 0.115615 0.341621
v -0.417014 0.105077 0.331610
v -0.380568 0.096204 0.341621
v -0.353442 0.091374 0.368972
v -0.342904 0.091881 0.406333
v -0.351777 0.097589 0.443695
v -0.377684 0.106969 0.471046
v -0.413683 0.117508 0.481057
v -0.450128 0.126381 0.471046
v -0.477254 0.131211 0.443695
v -0.500680 0.065916 0.411167
v -0.491137 0.061414 0.373805
v -0.464228 0.055496 0.346454
v -0.427161 0.049746 0.336443
v -0.389869 0.045706 0.346454
v -0.362345 0.044458 0.373805
v -0.351963 0.046337 0.411167
v -0.361505 0.050838 0.448528
v -0.388415 0.056757 0.475879
v -0.425481 0.062506 0.485890
v -0.462773 0.066546 0.475879
v -0.490298 0.067794 0.448528
v -0.505000 0.000000 0.416000
v -0.494952 -0.003217 0.378638
v -0.467500 -0.005573 0.351288
v -0.430000 -0.006435 0.341277
v -0.392500 -0.005573 0.351288
v -0.365048 -0.003217 0.378638
v -0.355000 0.000000 0.416000
v -0.365048 0.003217 0.453362
v -0.392500 0.005573 0.480712
v -0.430000 0.006435 0.490723
v -0.467500 0.005573 0.480712
v -0.494952 0.003217 0.453362
v -0.500680 -0.065916 0.420833
v -0.490298 -0.067794 0.383472
v -0.462773 -0.066546 0.356121
v -0.425481 -0.062506 0.346110
v -0.388415 -0.056757 0.356121
v -0.361505 -0.050838 0.383472
v -0.351963 -0.046337 0.420833
v -0.362345 -0.044458 0.458195
v -0.389869 -0.045706 0.485546
v -0.427161 -0.049746 0.495557
v -0.464228 -0.055496 0.485546
v -0.491137 -0.061414 0.458195
v -0.487793 -0.130704 0.425667
v -0.477254 -0.131211 0.388305
v -0.450128 -0.126381 0.360954
v -0.413683 -0.117508 0.350943
v -0.377684 -0.106969 0.360954
v -0.351777 -0.097589 0.388305
v -0.342904 -0.091881 0.425667
v -0.353442 -0.091374 0.463028
v -0.380568 -0.096204 0.490379
v -0.417014 -0.105077 0.500390
v -0.453013 -0.115615 0.490379
v -0.478920 -0.124995 0.463028
v -0.466559 -0.193255 0.430500
v -0.456045 -0.192382 0.393138
v -0.429781 -0.184053 0.365788
v -0.394806 -0.170499 0.355777
v -0.360490 -0.155352 0.365788
v -0.336029 -0.142670 0.393138
v -0.327977 -0.135853 0.430500
v -0.338492 -0.136725 0.467862
v -0.364755 -0.145055 0.495212
v -0.399731 -0.158609 0.505223
v -0.434046 -0.173756 0.495212
v -0.458507 -0.186437 0.467862
v -0.437343 -0.252500 0.435333
v -0.427032 -0.250262 0.397972
v -0.402081 -0.238576 0.370621
v -0.369174 -0.220573 0.360610
v -0.337129 -0.201076 0.370621
v -0.314532 -0.185310 0.397972
v -0.307439 -0.177500 0.435333
v -0.317750 -0.179738 0.472695
v -0.342701 -0.191424 0.500046
v -0.375608 -0.209427 0.510057
v -0.407653 -0.228924 0.500046
v -0.430250 -0.244690 0.472695
v -0.400643 -0.307425 0.440167
v -0.390713 -0.303860 0.402805
v -0.367500 -0.289017 0.375454
v -0.337225 -0.266873 0.365443
v -0.307999 -0.243360 0.375454
v -0.287653 -0.224780 0.402805
v -0.281640 -0.216110 0.440167
v -0.291571 -0.219675 0.477528
v -0.314784 -0.234518 0.504879
v -0.345059 -0.256662 0.514890
v -0.374285 -0.280175 0.504879
v -0.394630 -0.298755 0.477528
v -0.357089 -0.357089 0.445000
v -0.347709 -0.352259 0.407638
v -0.326632 -0.334513 0.380288
v -0.299506 -0.308606 0.370277
v -0.273599 -0.281480 0.380288
v -0.255853 -0.260403 0.407638
v -0.251023 -0.251023 0.445000
v -0.260403 -0.255853 0.482362
v -0.281480 -0.273599 0.509712
v -0.308606 -0.299506 0.519723
v -0.334513 -0.326632 0.509712
v -0.352259 -0.347709 0.482362
v -0.307425 -0.400643 0.449833
v -0.298755 -0.394630 0.412472
v -0.280175 -0.374285 0.385121
v -0.256662 -0.345059 0.375110
v -0.234518 -0.314784 0.385121
v -0.219675 -0.291571 0.412472
v -0.216110 -0.281640 0.449833
v -0.224780 -0.287653 0.487195
v -0.243360 -0.307999 0.514546
v -0.266873 -0.337225 0.524557
v -0.289017 -0.367500 0.514546
v -0.303860 -0.390713 0.487195
v -0.252500 -0.437343 0.454667
v -0.244690 -0.430250 0.417305
v -0.228924 -0.407653 0.389954
v -0.209427 -0.375608 0.379943
v -0.191424 -0.342701 0.389954
v -0.179738 -0.317750 0.417305
v -0.177500 -0.307439 0.454667
v -0.185310 -0.314532 0.492028
v -0.201076 -0.337129 0.519379
v -0.220573 -0.369174 0.529390
v -0.238576 -0.402081 0.519379
v -0.250262 -0.427032 0.492028
v -0.193255 -0.466559 0.459500
v -0.186437 -0.458507 0.422138
v -0.173756 -0.434046 0.394788
v -0.158609 -0.399731 0.384777
v -0.145055 -0.364755 0.394788
v -0.136725 -0.338492 0.422138
v -0.135853 -0.327977 0.459500
v -0.142670 -0.336029 0.496862
v -0.155352 -0.360490 0.524212
v -0.170499 -0.394806 0.534223
v -0.184053 -0.429781 0.524212
v -0.192382 -0.456045 0.496862
v -0.130704 -0.487793 0.464333
v -0.124995 -0.478920 0.426972
v -0.115615 -0.453013 0.399621
v -0.105077 -0.417014 0.389610
v -0.096204 -0.380568 0.399621
v -0.091374 -0.353442 0.426972
v -0.091881 -0.342904 0.464333
v -0.097589 -0.351777 0.501695
v -0.106969 -0.377684 0.529046
v -0.117508 -0.413683 0.539057
v -0.126381 -0.450128 0.529046
v -0.131211 -0.477254 0.501695
v -0.065916 -0.500680 0.469167
v -0.061414 -0.491137 0.431805
v -0.055496 -0.464228 0.404454
v -0.049746 -0.427161 0.394443
v -0.045706 -0.389869 0.404454
v -0.044458 -0.362345 0.431805
v -0.046337 -0.351963 0.469167
v -0.050838 -0.361505 0.506528
v -0.056757 -0.388415 0.533879
v -0.062506 -0.425481 0.543890
v -0.066546 -0.462773 0.533879
v -0.067794 -0.490298 0.506528
v -0.000000 -0.505000 0.474000
v 0.003217 -0.494952 0.436638
v 0.005573 -0.467500 0.409288
v 0.006435 -0.430000 0.399277
v 0.005573 -0.392500 0.409288
v 0.003217 -0.365048 0.436638
v -0.000000 -0.355000 0.474000
v -0.003217 -0.365048 0.511362
v -0.005573 -0.392500 0.538712
v -0.006435 -0.430000 0.548723
v -0.005573 -0.467500 0.538712
v -0.003217 -0.494952 0.511362
v 0.065916 -0.500680 0.478833
v 0.067794 -0.490298 0.441472
v 0.066546 -0.462773 0.414121
v 0.062506 -0.425481 0.404110
v 0.056757 -0.388415 0.414121
v 0.050838 -0.361505 0.441472
v 0.046337 -0.351963 0.478833
v 0.044458 -0.362345 0.516195
v 0.045706 -0.389869 0.543546
v 0.049746 -0.427161 0.553557
v 0.055496 -0.464228 0.543546
v 0.061414 -0.491137 0.516195
v 0.130704 -0.487793 0.483667
v 0.131211 -0.477254 0.446305
v 0.126381 -0.450128 0.418954
v 0.117508 -0.413683 0.408943
v 0.106969 -0.377684 0.418954
v 0.097589 -0.351777 0.446305
v 0.091881 -0.342904 0.483667
v 0.091374 -0.353442 0.521028
v 0.096204 -0.380568 0.548379
v 0.105077 -0.417014 0.558390
v 0.115615 -0.453013 0.548379
v 0.124995 -0.478920 0.521028
v 0.193255 -0.466559 0.488500
v 0.192382 -0.456045 0.451138
v 0.184053 -0.429781 0.423788
v 0.170499 -0.394806 0.413777
v 0.155352 -0.360490 0.423788
v 0.142670 -0.336029 0.451138
v 0.135853 -0.327977 0.488500
v 0.136725 -0.338492 0.525862
v 0.145055 -0.364755 0.553212
v 0.158609 -0.399731 0.563223
v 0.173756 -0.434046 0.553212
v 0.186437 -0.458507 0.525862
v 0.252500 -0.437343 0.493333
v 0.250262 -0.427032 0.455972
v 0.238576 -0.402081 0.428621
v 0.220573 -0.369174 0.418610
v 0.201076 -0.337129 0.428621
v 0.185310 -0.314532 0.455972
v 0.177500 -0.307439 0.493333
v 0.179738 -0.317750 0.530695
v 0.191424 -0.342701 0.558046
v 0.209427 -0.375608 0.568057
v 0.228924 -0.407653 0.558046
v 0.244690 -0.430250 0.530695
v 0.307425 -0.400643 0.498167
v 0.303860 -0.390713 0.460805
v 0.289017 -0.367500 0.433454
v 0.266873 -0.337225 0.423443
v 0.243360 -0.307999 0.433454
v 0.224780 -0.287653 0.460805
v 0.216110 -0.281640 0.498167
v 0.219675 -0.291571 0.535528
v 0.234518 -0.314784 0.562879
v 0.256662 -0.345059 0.572890
v 0.280175 -0.374285 0.562879
v 0.298755 -0.394630 0.535528
v 0.357089 -0.357089 0.503000
v 0.352259 -0.347709 0.465638
v 0.334513 -0.326632 0.438288
v 0.308606 -0.299506 0.428277
v 0.281480 -0.273599 0.438288
v 0.260403 -0.255853 0.465638
v 0.251023 -0.251023 0.503000
v 0.255853 -0.260403 0.540362
v 0.273599 -0.281480 0.567712
v 0.299506 -0.308606 0.577723
v 0.326632 -0.334513 0.567712
v 0.347709 -0.352259 0.540362
v 0.400643 -0.307425 0.507833
v 0.394630 -0.298755 0.470472
v 0.374285 -0.280175 0.443121
v 0.345059 -0.256662 0.433110
v 0.314784 -0.234518 0.443121
v 0.291571 -0.219675 0.470472
v 0.281640 -0.216110 0.507833
v 0.287653 -0.224780 0.545195
v 0.307999 -0.243360 0.572546
v 0.337225 -0.266873 0.582557
v 0.367500 -0.289017 0.572546
v 0.390713 -0.303860 0.545195
v 0.437343 -0.252500 0.512667
v 0.430250 -0.244690 0.475305
v 0.407653 -0.228924 0.447954
v 0.375608 -0.209427 0.437943
v 0.342701 -0.191424 0.447954
v 0.317750 -0.179738 0.475305
v 0.307439 -0.177500 0.512667
v 0.314532 -0.185310 0.550028
v 0.337129 -0.201076 0.577379
v 0.369174 -0.220573 0.587390
v 0.402081 -0.238576 0.577379
v 0.427032 -0.250262 0.550028
v 0.466559 -0.193255 0.517500
v 0.458507 -0.186437 0.480138
v 0.434046 -0.173756 0.452788
v 0.399731 -0.158609 0.442777
v 0.364755 -0.145055 0.452788
v 0.338492 -0.136725 0.480138
v 0.327977 -0.135853 0.517500
v 0.336029 -0.142670 0.554862
v 0.360490 -0.155352 0.582212
v 0.394806 -0.170499 0.592223
v 0.429781 -0.184053 0.582212
v 0.456045 -0.192382 0.554862
v 0.487793 -0.130704 0.522333
v 0.478920 -0.124995 0.484972
v 0.453013 -0.115615 0.457621
v 0.417014 -0.105077 0.447610
v 0.380568 -0.096204 0.457621
v 0.353442 -0.091374 0.484972
v 0.342904 -0.091881 0.522333
v 0.351777 -0.097589 0.559695
v 0.377684 -0.106969 0.587046
v 0.413683 -0.117508 0.597057
v 0.450128 -0.126381 0.587046
v 0.477254 -0.131211 0.559695
v 0.500680 -0.065916 0.527167
v 0.491137 -0.061414 0.489805
v 0.464228 -0.055496 0.462454
v 0.427161 -0.049746 0.452443
v 0.389869 -0.045706 0.462454
v 0.362345 -0.044458 0.489805
v 0.351963 -0.046337 0.527167
v 0.361505 -0.050838 0.564528
v 0.388415 -0.056757 0.591879
v 0.425481 -0.062506 0.601890
v 0.462773 -0.066546 0.591879
v 0.490298 -0.067794 0.564528
v 0.505000 -0.000000 0.532000
v 0.494952 0.003217 0.494638
v 0.467500 0.005573 0.467288
v 0.430000 0.006435 0.457277
v 0.392500 0.005573 0.467288
v 0.365048 0.003217 0.494638
v 0.355000 -0.000000 0.532000
v 0.365048 -0.003217 0.569362
v 0.392500 -0.005573 0.596712
v 0.430000 -0.006435 0.606723
v 0.467500 -0.005573 0.596712
v 0.494952 -0.003217 0.569362
v 0.500680 0.065916 0.536833
v 0.490298 0.067794 0.499472
v 0.462773 0.066546 0.472121
v 0.425481 0.062506 0.462110
v 0.388415 0.056757 0.472121
v 0.361505 0.050838 0.499472
v 0.351963 0.046337 0.536833
v 0.362345 0.044458 0.574195
v 0.389869 0.045706 0.601546
v 0.427161 0.049746 0.611557
v 0.464228 0.055496 0.601546
v 0.491137 0.061414 0.574195
v 0.487793 0.130704 0.541667
v 0.477254 0.131211 0.504305
v 0.450128 0.126381 0.476954
v 0.413683 0.117508 0.466943
v 0.377684 0.106969 0.476954
v 0.351777 0.097589 0.504305
v 0.342904 0.091881 0.541667
v 0.353442 0.091374 0.579028
v 0.380568 0.096204 0.606379
v 0.417014 0.105077 0.616390
v 0.453013 0.115615 0.606379
v 0.478920 0.124995 0.579028
v 0.466559 0.193255 0.546500
v 0.456045 0.192382 0.509138
v 0.429781 0.184053 0.481788
v 0.394806 0.170499 0.471777
v 0.360490 0.155352 0.481788
v 0.336029 0.142670 0.509138
v 0.327977 0.135853 0.546500
v 0.338492 0.136725 0.583862
v 0.364755 0.145055 0.611212
v 0.399731 0.158609 0.621223
v 0.434046 0.173756 0.611212
v 0.458507 0.186437 0.583862
v 0.437343 0.252500 0.551333
v 0.427032 0.250262 0.513972
v 0.402081 0.238576 0.486621
v 0.369174 0.220573 0.476610
v 0.337129 0.201076 0.486621
v 0.314532 0.185310 0.513972
v 0.307439 0.177500 0.551333
v 0.317750 0.179738 0.588695
v 0.342701 0.191424 0.616046
v 0.375608 0.209427 0.626057
v 0.407653 0.228924 0.616046
v 0.430250 0.244690 0.588695
v 0.400643 0.307425 0.556167
v 0.390713 0.303860 0.518805
v 0.367500 0.289017 0.491454
v 0.337225 0.266873 0.481443
v 0.307999 0.243360 0.491454
v 0.287653 0.224780 0.518805
v 0.281640 0.216110 0.556167
v 0.291571 0.219675 0.593528
v 0.314784 0.234518 0.620879
v 0.345059 0.256662 0.630890
v 0.374285 0.280175 0.620879
v 0.394630 0.298755 0.593528
v 0.357089 0.357089 0.561000
v 0.347709 0.352259 0.523638
v 0.326632 0.334513 0.496288
v 0.299506 0.308606 0.486277
v 0.273599 0.281480 0.496288
v 0.255853 0.260403 0.523638
v 0.251023 0.251023 0.561000
v 0.260403 0.255853 0.598362
v 0.281480 0.273599 0.625712
v 0.308606 0.299506 0.635723
v 0.334513 0.326632 0.625712
v 0.352259 0.347709 0.598362
v 0.307425 0.400643 0.565833
v 0.298755 0.394630 0.528472
v 0.280175 0.374285 0.501121
v 0.256662 0.345059 0.491110
v 0.234518 0.314784 0.501121
v 0.219675 0.291571 0.528472
v 0.216110 0.281640 0.565833
v 0.224780 0.287653 0.603195
v 0.243360 0.307999 0.630546
v 0.266873 0.337225 0.640557
v 0.289017 0.367500 0.630546
v 0.303860 0.390713 0.603195
v 0.252500 0.437343 0.570667
v 0.244690 0.430250 0.533305
v 0.228924 0.407653 0.505954
v 0.209427 0.375608 0.495943
v 0.191424 0.342701 0.505954
v 0.179738 0.317750 0.533305
v 0.177500 0.307439 0.570667
v 0.185310 0.314532 0.608028
v 0.201076 0.337129 0.635379
v 0.220573 0.369174 0.645390
v 0.238576 0.402081 0.635379
v 0.250262 0.427032 0.608028
v 0.193255 0.466559 0.575500
v 0.186437 0.458507 0.538138
v 0.173756 0.434046 0.510788
v 0.158609 0.399731 0.500777
v 0.145055 0.364755 0.510788
v 0.136725 0.338492 0.538138
v 0.135853 0.327977 0.575500
v 0.142670 0.336029 0.612862
v 0.155352 0.360490 0.640212
v 0.170499 0.394806 0.650223
v 0.184053 0.429781 0.640212
v 0.192382 0.456045 0.612862
v 0.130704 0.487793 0.580333
v 0.124995 0.478920 0.542972
v 0.115615 0.453013 0.515621
v 0.105077 0.417014 0.505610
v 0.096204 0.380568 0.515621
v 0.091374 0.353442 0.542972
v 0.091881 0.342904 0.580333
v 0.097589 0.351777 0.617695
v 0.106969 0.377684 0.645046
v 0.117508 0.413683 0.655057
v 0.126381 0.450128 0.645046
v 0.131211 0.477254 0.617695
v 0.065916 0.500680 0.585167
v 0.061414 0.491137 0.547805
v 0.055496 0.464228 0.520454
v 0.049746 0.427161 0.510443
v 0.045706 0.389869 0.520454
v 0.044458 0.362345 0.547805
v 0.046337 0.351963 0.585167
v 0.050838 0.361505 0.622528
v 0.056757 0.388415 0.649879
v 0.062506 0.425481 0.659890
v 0.066546 0.462773 0.649879
v 0.067794 0.490298 0.622528
v 0.000000 0.505000 0.590000
v -0.003217 0.494952 0.552638
v -0.005573 0.467500 0.525288
v -0.006435 0.430000 0.515277
v -0.005573 0.392500 0.525288
v -0.003217 0.365048 0.552638
v 0.000000 0.355000 0.590000
v 0.003217 0.365048 0.627362
v 0.005573 0.392500 0.654712
v 0.006435 0.430000 0.664723
v 0.005573 0.467500 0.654712
v 0.003217 0.494952 0.627362
v -0.065916 0.500680 0.594833
v -0.067794 0.490298 0.557472
v -0.066546 0.462773 0.530121
v -0.062506 0.425481 0.520110
v -0.056757 0.388415 0.530121
v -0.050838 0.361505 0.557472
v -0.046337 0.351963 0.594833
v -0.044458 0.362345 0.632195
v -0.045706 0.389869 0.659546
v -0.049746 0.427161 0.669557
v -0.055496 0.464228 0.659546
v -0.061414 0.491137 0.632195
v -0.130704 0.487793 0.599667
v -0.131211 0.477254 0.562305
v -0.126381 0.450128 0.534954
v -0.117508 0.413683 0.524943
v -0.106969 0.377684 0.534954
v -0.097589 0.351777 0.562305
v -0.091881 0.342904 0.599667
v -0.091374 0.353442 0.637028
v -0.096204 0.380568 0.664379
v -0.105077 0.417014 0.674390
v -0.115615 0.453013 0.664379
v -0.124995 0.478920 0.637028
v -0.193255 0.466559 0.604500
v -0.192382 0.456045 0.567138
v -0.184053 0.429781 0.539788
v -0.170499 0.394806 0.529777
v -0.155352 0.360490 0.539788
v -0.142670 0.336029 0.567138
v -0.135853 0.327977 0.604500
v -0.136725 0.338492 0.641862
v -0.145055 0.364755 0.669212
v -0.158609 0.399731 0.679223
v -0.173756 0.434046 0.669212
v -0.186437 0.458507 0.641862
v -0.252500 0.437343 0.609333
v -0.250262 0.427032 0.571972
v -0.238576 0.402081 0.544621
v -0.220573 0.369174 0.534610
v -0.201076 0.337129 0.544621
v -0.185310 0.314532 0.571972
v -0.177500 0.307439 0.609333
v -0.179738 0.317750 0.646695
v -0.191424 0.342701 0.674046
v -0.209427 0.375608 0.684057
v -0.228924 0.407653 0.674046
v -0.244690 0.430250 0.646695
v -0.307425 0.400643 0.614167
v -0.303860 0.390713 0.576805
v -0.289017 0.367500 0.549454
v -0.266873 0.337225 0.539443
v -0.243360 0.307999 0.549454
v -0.224780 0.287653 0.576805
v -0.216110 0.281640 0.614167
v -0.219675 0.291571 0.651528
v -0.234518 0.314784 0.678879
v -0.256662 0.345059 0.688890
v -0.280175 0.374285 0.678879
v -0.298755 0.394630 0.651528
v -0.357089 0.357089 0.619000
v -0.352259 0.347709 0.581638
v -0.334513 0.326632 0.554288
v -0.308606 0.299506 0.544277
v -0.281480 0.273599 0.554288
v -0.260403 0.255853 0.581638
v -0.251023 0.251023 0.619000
v -0.255853 0.260403 0.656362
v -0.273599 0.281480 0.683712
v -0.299506 0.308606 0.693723
v -0.326632 0.334513 0.683712
v -0.347709 0.352259 0.656362
v -0.400643 0.307425 0.623833
v -0.394630 0.298755 0.586472
v -0.374285 0.280175 0.559121
v -0.345059 0.256662 0.549110
v -0.314784 0.234518 0.559121
v -0.291571 0.219675 0.586472
v -0.281640 0.216110 0.623833
v -0.287653 0.224780 0.661195
v -0.307999 0.243360 0.688546
v -0.337225 0.266873 0.698557
v -0.367500 0.289017 0.688546
v -0.390713 0.303860 0.661195
v -0.437343 0.252500 0.628667
v -0.430250 0.244690 0.591305
v -0.407653 0.228924 0.563954
v -0.375608 0.209427 0.553943
v -0.342701 0.191424 0.563954
v -0.317750 0.179738 0.591305
v -0.307439 0.177500 0.628667
v -0.314532 0.185310 0.666028
v -0.337129 0.201076 0.693379
v -0.369174 0.220573 0.703390
v -0.402081 0.238576 0.693379
v -0.427032 0.250262 0.666028
v -0.466559 0.193255 0.633500
v -0.458507 0.186437 0.596138
v -0.434046 0.173756 0.568788
v -0.399731 0.158609 0.558777
v -0.364755 0.145055 0.568788
v -0.338492 0.136725 0.596138
v -0.327977 0.135853 0.633500
v -0.336029 0.142670 0.670862
v -0.360490 0.155352 0.698212
v -0.394806 0.170499 0.708223
v -0.429781 0.184053 0.698212
v -0.456045 0.192382 0.670862
v -0.487793 0.130704 0.638333
v -0.478920 0.124995 0.600972
v -0.453013 0.115615 0.573621
v -0.417014 0.105077 0.563610
v -0.380568 0.096204 0.573621
v -0.353442 0.091374 0.600972
v -0.342904 0.091881 0.638333
v -0.351777 0.097589 0.675695
v -0.377684 0.106969 0.703046
v -0.413683 0.117508 0.713057
v -0.450128 0.126381 0.703046
v -0.477254 0.131211 0.675695
v -0.500680 0.065916 0.643167
v -0.491137 0.061414 0.605805
v -0.464228 0.055496 0.578454
v -0.427161 0.049746 0.568443
v -0.389869 0.045706 0.578454
v -0.362345 0.044458 0.605805
v -0.351963 0.046337 0.643167
v -0.361505 0.050838 0.680528
v -0.388415 0.056757 0.707879
v -0.425481 0.062506 0.717890
v -0.462773 0.066546 0.707879
v -0.490298 0.067794 0.680528
v -0.505000 0.000000 0.648000
v -0.494952 -0.003217 0.610638
v -0.467500 -0.005573 0.583288
v -0.430000 -0.006435 0.573277
v -0.392500 -0.005573 0.583288
v -0.365048 -0.003217 0.610638
v -0.355000 0.000000 0.648000
v -0.365048 0.003217 0.685362
v -0.392500 0.005573 0.712712
v -0.430000 0.006435 0.722723
v -0.467500 0.005573 0.712712
v -0.494952 0.003217 0.685362
v -0.500680 -0.065916 0.652833
v -0.490298 -0.067794 0.615472
v -0.462773 -0.066546 0.588121
v -0.425481 -0.062506 0.578110
v -0.388415 -0.056757 0.588121
v -0.361505 -0.050838 0.615472
v -0.351963 -0.046337 0.652833
v -0.362345 -0.044458 0.690195
v -0.389869 -0.045706 0.717546
v -0.427161 -0.049746 0.727557
v -0.464228 -0.055496 0.717546
v -0.491137 -0.061414 0.690195
v -0.487793 -0.130704 0.657667
v -0.477254 -0.131211 0.620305
v -0.450128 -0.126381 0.592954
v -0.413683 -0.117508 0.582943
v -0.377684 -0.106969 0.592954
v -0.351777 -0.097589 0.620305
v -0.342904 -0.091881 0.657667
v -0.353442 -0.091374 0.695028
v -0.380568 -0.096204 0.722379
v -0.417014 -0.105077 0.732390
v -0.453013 -0.115615 0.722379
v -0.478920 -0.124995 0.695028
v -0.466559 -0.193255 0.662500
v -0.456045 -0.192382 0.625138
v -0.429781 -0.184053 0.597788
v -0.394806 -0.170499 0.587777
v -0.360490 -0.155352 0.597788
v -0.336029 -0.142670 0.625138
v -0.327977 -0.135853 0.662500
v -0.338492 -0.136725 0.699862
v -0.364755 -0.145055 0.727212
v -0.399731 -0.158609 0.737223
v -0.434046 -0.173756 0.727212
v -0.458507 -0.186437 0.699862
v -0.437343 -0.252500 0.667333
v -0.427032 -0.250262 0.629972
v -0.402081 -0.238576 0.602621
v -0.369174 -0.220573 0.592610
v -0.337129 -0.201076 0.602621
v -0.314532 -0.185310 0.629972
v -0.307439 -0.177500 0.667333
v -0.317750 -0.179738 0.704695
v -0.342701 -0.191424 0.732046
v -0.375608 -0.209427 0.742057
v -0.407653 -0.228924 0.732046
v -0.430250 -0.244690 0.704695
v -0.400643 -0.307425 0.672167
v -0.390713 -0.303860 0.634805
v -0.367500 -0.289017 0.607454
v -0.337225 -0.266873 0.597443
v -0.307999 -0.243360 0.607454
v -0.287653 -0.224780 0.634805
v -0.281640 -0.216110 0.672167
v -0.291571 -0.219675 0.709528
v -0.314784 -0.234518 0.736879
v -0.345059 -0.256662 0.746890
v -0.374285 -0.280175 0.736879
v -0.394630 -0.298755 0.709528
v -0.357089 -0.357089 0.677000
v -0.347709 -0.352259 0.639638
v -0.326632 -0.334513 0.612288
v -0.299506 -0.308606 0.602277
v -0.273599 -0.281480 0.612288
v -0.255853 -0.260403 0.639638
v -0.251023 -0.251023 0.677000
v -0.260403 -0.255853 0.714362
v -0.281480 -0.273599 0.741712
v -0.308606 -0.299506 0.751723
v -0.334513 -0.326632 0.741712
v -0.352259 -0.347709 0.714362
v -0.307425 -0.400643 0.681833
v -0.298755 -0.394630 0.644472
v -0.280175 -0.374285 0.617121
v -0.256662 -0.345059 0.607110
v -0.234518 -0.314784 0.617121
v -0.219675 -0.291571 0.644472
v -0.216110 -0.281640 0.681833
v -0.224780 -0.287653 0.719195
v -0.243360 -0.307999 0.746546
v -0.266873 -0.337225 0.756557
v -0.289017 -0.367500 0.746546
v -0.303860 -0.390713 0.719195
v -0.252500 -0.437343 0.686667
v -0.244690 -0.430250 0.649305
v -0.228924 -0.407653 0.621954
v -0.209427 -0.375608 0.611943
v -0.191424 -0.342701 0.621954
v -0.179738 -0.317750 0.649305
v -0.177500 -0.307439 0.686667
v -0.185310 -0.314532 0.724028
v -0.201076 -0.337129 0.751379
v -0.220573 -0.369174 0.761390
v -0.238576 -0.402081 0.751379
v -0.250262 -0.427032 0.724028
v -0.193255 -0.466559 0.691500
v -0.186437 -0.458507 0.654138
v -0.173756 -0.434046 0.626788
v -0.158609 -0.399731 0.616777
v -0.145055 -0.364755 0.626788
v -0.136725 -0.338492 0.654138
v -0.135853 -0.327977 0.691500
v -0.142670 -0.336029 0.728862
v -0.155352 -0.360490 0.756212
v -0.170499 -0.394806 0.766223
v -0.184053 -0.429781 0.756212
v -0.192382 -0.456045 0.728862
v -0.130704 -0.487793 0.696333
v -0.124995 -0.478920 0.658972
v -0.115615 -0.453013 0.631621
v -0.105077 -0.417014 0.621610
v -0.096204 -0.380568 0.631621
v -0.091374 -0.353442 0.658972
v -0.091881 -0.342904 0.696333
v -0.097589 -0.351777 0.733695
v -0.106969 -0.377684 0.761046
v -0.117508 -0.413683 0.771057
v -0.126381 -0.450128 0.761046
v -0.131211 -0.477254 0.733695
v -0.065916 -0.500680 0.701167
v -0.061414 -0.491137 0.663805
v -0.055496 -0.464228 0.636454
v -0.049746 -0.427161 0.626443
v -0.045706 -0.389869 0.636454
v -0.044458 -0.362345 0.663805
v -0.046337 -0.351963 0.701167
v -0.050838 -0.361505 0.738528
v -0.056757 -0.388415 0.765879
v -0.062506 -0.425481 0.775890
v -0.066546 -0.462773 0.765879
v -0.067794 -0.490298 0.738528
v -0.000000 -0.505000 0.706000
v 0.003217 -0.494952 0.668638
v 0.005573 -0.467500 0.641288
v 0.006435 -0.430000 0.631277
v 0.005573 -0.392500 0.641288
v 0.003217 -0.365048 0.668638
v -0.000000 -0.355000 0.706000
v -0.003217 -0.365048 0.743362
v -0.005573 -0.392500 0.770712
v -0.006435 -0.430000 0.780723
v -0.005573 -0.467500 0.770712
v -0.003217 -0.494952 0.743362
v 0.065916 -0.500680 0.710833
v 0.067794 -0.490298 0.673472
v 0.066546 -0.462773 0.646121
v 0.062506 -0.425481 0.636110
v 0.056757 -0.388415 0.646121
v 0.050838 -0.361505 0.673472
v 0.046337 -0.351963 0.710833
v 0.044458 -0.362345 0.748195
v 0.045706 -0.389869 0.775546
v 0.049746 -0.427161 0.785557
v 0.055496 -0.464228 0.775546
v 0.061414 -0.491137 0.748195
v 0.130704 -0.487793 0.715667
v 0.131211 -0.477254 0.678305
v 0.126381 -0.450128 0.650954
v 0.117508 -0.413683 0.640943
v 0.106969 -0.377684 0.650954
v 0.097589 -0.351777 0.678305
v 0.091881 -0.342904 0.715667
v 0.091374 -0.353442 0.753028
v 0.096204 -0.380568 0.780379
v 0.105077 -0.417014 0.790390
v 0.115615 -0.453013 0.780379
v 0.124995 -0.478920 0.753028
v 0.193255 -0.466559 0.720500
v 0.192382 -0.456045 0.683138
v 0.184053 -0.429781 0.655788
v 0.170499 -0.394806 0.645777
v 0.155352 -0.360490 0.655788
v 0.142670 -0.336029 0.683138
v 0.135853 -0.327977 0.720500
v 0.136725 -0.338492 0.757862
v 0.145055 -0.364755 0.785212
v 0.158609 -0.399731 0.795223
v 0.173756 -0.434046 0.785212
v 0.186437 -0.458507 0.757862
v 0.252500 -0.437343 0.725333
v 0.250262 -0.427032 0.687972
v 0.238576 -0.402081 0.660621
v 0.220573 -0.369174 0.650610
v 0.201076 -0.337129 0.660621
v 0.185310 -0.314532 0.687972
v 0.177500 -0.307439 0.725333
v 0.179738 -0.317750 0.762695
v 0.191424 -0.342701 0.790046
v 0.209427 -0.375608 0.800057
v 0.228924 -0.407653 0.790046
v 0.244690 -0.430250 0.762695
v 0.307425 -0.400643 0.730167
v 0.303860 -0.390713 0.692805
v 0.289017 -0.367500 0.665454
v 0.266873 -0.337225 0.655443
v 0.243360 -0.307999 0.665454
v 0.224780 -0.287653 0.692805
v 0.216110 -0.281640 0.730167
v 0.219675 -0.291571 0.767528
v 0.234518 -0.314784 0.794879
v 0.256662 -0.345059 0.804890
v 0.280175 -0.374285 0.794879
v 0.298755 -0.394630 0.767528
v 0.357089 -0.357089 0.735000
v 0.352259 -0.347709 0.697638
v 0.334513 -0.326632 0.670288
v 0.308606 -0.299506 0.660277
v 0.281480 -0.273599 0.670288
v 0.260403 -0.255853 0.697638
v 0.251023 -0.251023 0.735000
v 0.255853 -0.260403 0.772362
v 0.273599 -0.281480 0.799712
v 0.299506 -0.308606 0.809723
v 0.326632 -0.334513 0.799712
v 0.347709 -0.352259 0.772362
v 0.400643 -0.307425 0.739833
v 0.394630 -0.298755 0.702472
v 0.374285 -0.280175 0.675121
v 0.345059 -0.256662 0.665110
v 0.314784 -0.234518 0.675121
v 0.291571 -0.219675 0.702472
v 0.281640 -0.216110 0.739833
v 0.287653 -0.224780 0.777195
v 0.307999 -0.243360 0.804546
v 0.337225 -0.266873 0.814557
v 0.367500 -0.289017 0.804546
v 0.390713 -0.303860 0.777195
v 0.437343 -0.252500 0.744667
v 0.430250 -0.244690 0.707305
v 0.407653 -0.228924 0.679954
v 0.375608 -0.209427 0.669943
v 0.342701 -0.191424 0.679954
v 0.317750 -0.179738 0.707305
v 0.307439 -0.177500 0.744667
v 0.314532 -0.185310 0.782028
v 0.337129 -0.201076 0.809379
v 0.369174 -0.220573 0.819390
v 0.402081 -0.238576 0.809379
v 0.427032 -0.250262 0.782028
v 0.466559 -0.193255 0.749500
v 0.458507 -0.186437 0.712138
v 0.434046 -0.173756 0.684788
v 0.399731 -0.158609 0.674777
v 0.364755 -0.145055 0.684788
v 0.338492 -0.136725 0.712138
v 0.327977 -0.135853 0.749500
v 0.336029 -0.142670 0.786862
v 0.360490 -0.155352 0.814212
v 0.394806 -0.170499 0.824223
v 0.429781 -0.184053 0.814212
v 0.456045 -0.192382 0.786862
v 0.487793 -0.130704 0.754333
v 0.478920 -0.124995 0.716972
v 0.453013 -0.115615 0.689621
v 0.417014 -0.105077 0.679610
v 0.380568 -0.096204 0.689621
v 0.353442 -0.091374 0.716972
v 0.342904 -0.091881 0.754333
v 0.351777 -0.097589 0.791695
v 0.377684 -0.106969 0.819046
v 0.413683 -0.117508 0.829057
v 0.450128 -0.126381 0.819046
v 0.477254 -0.131211 0.791695
v 0.500680 -0.065916 0.759167
v 0.491137 -0.061414 0.721805
v 0.464228 -0.055496 0.694454
v 0.427161 -0.049746 0.684443
v 0.389869 -0.045706 0.694454
v 0.362345 -0.044458 0.721805
v 0.351963 -0.046337 0.759167
v 0.361505 -0.050838 0.796528
v 0.388415 -0.056757 0.823879
v 0.425481 -0.062506 0.833890
v 0.462773 -0.066546 0.823879
v 0.490298 -0.067794 0.796528
v 0.505000 -0.000000 0.764000
v 0.494952 0.003217 0.726638
v 0.467500 0.005573 0.699288
v 0.430000 0.006435 0.689277
v 0.392500 0.005573 0.699288
v 0.365048 0.003217 0.726638
v 0.355000 -0.000000 0.764000
v 0.365048 -0.003217 0.801362
v 0.392500 -0.005573 0.828712
v 0.430000 -0.006435 0.838723
v 0.467500 -0.005573 0.828712
v 0.494952 -0.003217 0.801362
v 0.500680 0.065916 0.768833
v 0.490298 0.067794 0.731472
v 0.462773 0.066546 0.704121
v 0.425481 0.062506 0.694110
v 0.388415 0.056757 0.704121
v 0.361505 0.050838 0.731472
v 0.351963 0.046337 0.768833
v 0.362345 0.044458 0.806195
v 0.389869 0.045706 0.833546
v 0.427161 0.049746 0.843557
v 0.464228 0.055496 0.833546
v 0.491137 0.061414 0.806195
v 0.487793 0.130704 0.773667
v 0.477254 0.131211 0.736305
v 0.450128 0.126381 0.708954
v 0.413683 0.117508 0.698943
v 0.377684 0.106969 0.708954
v 0.351777 0.097589 0.736305
v 0.342904 0.091881 0.773667
v 0.353442 0.091374 0.811028
v 0.380568 0.096204 0.838379
v 0.417014 0.105077 0.848390
v 0.453013 0.115615 0.838379
v 0.478920 0.124995 0.811028
v 0.466559 0.193255 0.778500
v 0.456045 0.192382 0.741138
v 0.429781 0.184053 0.713788
v 0.394806 0.170499 0.703777
v 0.360490 0.155352 0.713788
v 0.336029 0.142670 0.741138
v 0.327977 0.135853 0.778500
v 0.338492 0.136725 0.815862
v 0.364755 0.145055 0.843212
v 0.399731 0.158609 0.853223
v 0.434046 0.173756 0.843212
v 0.458507 0.186437 0.815862
v 0.437343 0.252500 0.783333
v 0.427032 0.250262 0.745972
v 0.402081 0.238576 0.718621
v 0.369174 0.220573 0.708610
v 0.337129 0.201076 0.718621
v 0.314532 0.185310 0.745972
v 0.307439 0.177500 0.783333
v 0.317750 0.179738 0.820695
v 0.342701 0.191424 0.848046
v 0.375608 0.209427 0.858057
v 0.407653 0.228924 0.848046
v 0.430250 0.244690 0.820695
v 0.400643 0.307425 0.788167
v 0.390713 0.303860 0.750805
v 0.367500 0.289017 0.723454
v 0.337225 0.266873 0.713443
v 0.307999 0.243360 0.723454
v 0.287653 0.224780 0.750805
v 0.281640 0.216110 0.788167
v 0.291571 0.219675 0.825528
v 0.314784 0.234518 0.852879
v 0.345059 0.256662 0.862890
v 0.374285 0.280175 0.852879
v 0.394630 0.298755 0.825528
v 0.357089 0.357089 0.793000
v 0.347709 0.352259 0.755638
v 0.326632 0.334513 0.728288
v 0.299506 0.308606 0.718277
v 0.273599 0.281480 0.728288
v 0.255853 0.260403 0.755638
v 0.251023 0.251023 0.793000
v 0.260403 0.255853 0.830362
v 0.281480 0.273599 0.857712
v 0.308606 0.299506 0.867723
v 0.334513 0.326632 0.857712
v 0.352259 0.347709 0.830362
v 0.307425 0.400643 0.797833
v 0.298755 0.394630 0.760472
v 0.280175 0.374285 0.733121
v 0.256662 0.345059 0.723110
v 0.234518 0.314784 0.733121
v 0.219675 0.291571 0.760472
v 0.216110 0.281640 0.797833
v 0.224780 0.287653 0.835195
v 0.243360 0.307999 0.862546
v 0.266873 0.337225 0.872557
v 0.289017 0.367500 0.862546
v 0.303860 0.390713 0.835195
v 0.252500 0.437343 0.802667
v 0.244690 0.430250 0.765305
v 0.228924 0.407653 0.737954
v 0.209427 0.375608 0.727943
v 0.191424 0.342701 0.737954
v 0.179738 0.317750 0.765305
v 0.177500 0.307439 0.802667
v 0.185310 0.314532 0.840028
v 0.201076 0.337129 0.867379
v 0.220573 0.369174 0.877390
v 0.238576 0.402081 0.867379
v 0.250262 0.427032 0.840028
v 0.193255 0.466559 0.807500
v 0.186437 0.458507 0.770138
v 0.173756 0.434046 0.742788
v 0.158609 0.399731 0.732777
v 0.145055 0.364755 0.742788
v 0.136725 0.338492 0.770138
v 0.135853 0.327977 0.807500
v 0.142670 0.336029 0.844862
v 0.155352 0.360490 0.872212
v 0.170499 0.394806 0.882223
v 0.184053 0.429781 0.872212
v 0.192382 0.456045 0.844862
v 0.130704 0.487793 0.812333
v 0.124995 0.478920 0.774972
v 0.115615 0.453013 0.747621
v 0.105077 0.417014 0.737610
v 0.096204 0.380568 0.747621
v 0.091374 0.353442 0.774972
v 0.091881 0.342904 0.812333
v 0.097589 0.351777 0.849695
v 0.106969 0.377684 0.877046
v 0.117508 0.413683 0.887057
v 0.126381 0.450128 0.877046
v 0.131211 0.477254 0.849695
v 0.065916 0.500680 0.817167
v 0.061414 0.491137 0.779805
v 0.055496 0.464228 0.752454
v 0.049746 0.427161 0.742443
v 0.045706 0.389869 0.752454
v 0.044458 0.362345 0.779805
v 0.046337 0.351963 0.817167
v 0.050838 0.361505 0.854528
v 0.056757 0.388415 0.881879
v 0.062506 0.425481 0.891890
v 0.066546 0.462773 0.881879
v 0.067794 0.490298 0.854528
v 0.000000 0.505000 0.822000
v -0.003217 0.494952 0.784638
v -0.005573 0.467500 0.757288
v -0.006435 0.430000 0.747277
v -0.005573 0.392500 0.757288
v -0.003217 0.365048 0.784638
v 0.000000 0.355000 0.822000
v 0.003217 0.365048 0.859362
v 0.005573 0.392500 0.886712
v 0.006435 0.430000 0.896723
v 0.005573 0.467500 0.886712
v 0.003217 0.494952 0.859362
v -0.065916 0.500680 0.826833
v -0.067794 0.490298 0.789472
v -0.066546 0.462773 0.762121
v -0.062506 0.425481 0.752110
v -0.056757 0.388415 0.762121
v -0.050838 0.361505 0.789472
v -0.046337 0.351963 0.826833
v -0.044458 0.362345 0.864195
v -0.045706 0.389869 0.891546
v -0.049746 0.427161 0.901557
v -0.055496 0.464228 0.891546
v -0.061414 0.491137 0.864195
v -0.130704 0.487793 0.831667
v -0.131211 0.477254 0.794305
v -0.126381 0.450128 0.766954
v -0.117508 0.413683 0.756943
v -0.106969 0.377684 0.766954
v -0.097589 0.351777 0.794305
v -0.091881 0.342904 0.831667
v -0.091374 0.353442 0.869028
v -0.096204 0.380568 0.896379
v -0.105077 0.417014 0.906390
v -0.115615 0.453013 0.896379
v -0.124995 0.478920 0.869028
v -0.193255 0.466559 0.836500
v -0.192382 0.456045 0.799138
v -0.184053 0.429781 0.771788
v -0.170499 0.394806 0.761777
v -0.155352 0.360490 0.771788
v -0.142670 0.336029 0.799138
v -0.135853 0.327977 0.836500
v -0.136725 0.338492 0.873862
v -0.145055 0.364755 0.901212
v -0.158609 0.399731 0.911223
v -0.173756 0.434046 0.901212
v -0.186437 0.458507 0.873862
v -0.252500 0.437343 0.841333
v -0.250262 0.427032 0.803972
v -0.238576 0.402081 0.776621
v -0.220573 0.369174 0.766610
v -0.201076 0.337129 0.776621
v -0.185310 0.314532 0.803972
v -0.177500 0.307439 0.841333
v -0.179738 0.317750 0.878695
v -0.191424 0.342701 0.906046
v -0.209427 0.375608 0.916057
v -0.228924 0.407653 0.906046
v -0.244690 0.430250 0.878695
v -0.307425 0.400643 0.846167
v -0.303860 0.390713 0.808805
v -0.289017 0.367500 0.781454
v -0.266873 0.337225 0.771443
v -0.243360 0.307999 0.781454
v -0.224780 0.287653 0.808805
v -0.216110 0.281640 0.846167
v -0.219675 0.291571 0.883528
v -0.234518 0.314784 0.910879
v -0.256662 0.345059 0.920890
v -0.280175 0.374285 0.910879
v -0.298755 0.394630 0.883528
v -0.357089 0.357089 0.851000
v -0.352259 0.347709 0.813638
v -0.334513 0.326632 0.786288
v -0.308606 0.299506 0.776277
v -0.281480 0.273599 0.786288
v -0.260403 0.255853 0.813638
v -0.251023 0.251023 0.851000
v -0.255853 0.260403 0.888362
v -0.273599 0.281480 0.915712
v -0.299506 0.308606 0.925723
v -0.326632 0.334513 0.915712
v -0.347709 0.352259 0.888362
v -0.400643 0.307425 0.855833
v -0.394630 0.298755 0.818472
v -0.374285 0.280175 0.791121
v -0.345059 0.256662 0.781110
v -0.314784 0.234518 0.791121
v -0.291571 0.219675 0.818472
v -0.281640 0.216110 0.855833
v -0.287653 0.224780 0.893195
v -0.307999 0.243360 0.920546
v -0.337225 0.266873 0.930557
v -0.367500 0.289017 0.920546
v -0.390713 0.303860 0.893195
v -0.437343 0.252500 0.860667
v -0.430250 0.244690 0.823305
v -0.407653 0.228924 0.795954
v -0.375608 0.209427 0.785943
v -0.342701 0.191424 0.795954
v -0.317750 0.179738 0.823305
v -0.307439 0.177500 0.860667
v -0.314532 0.185310 0.898028
v -0.337129 0.201076 0.925379
v -0.369174 0.220573 0.935390
v -0.402081 0.238576 0.925379
v -0.427032 0.250262 0.898028
v -0.466559 0.193255 0.865500
v -0.458507 0.186437 0.828138
v -0.434046 0.173756 0.800788
v -0.399731 0.158609 0.790777
v -0.364755 0.145055 0.800788
v -0.338492 0.136725 0.828138
v -0.327977 0.135853 0.865500
v -0.336029 0.142670 0.902862
v -0.360490 0.155352 0.930212
v -0.394806 0.170499 0.940223
v -0.429781 0.184053 0.930212
v -0.456045 0.192382 0.902862
v -0.487793 0.130704 0.870333
v -0.478920 0.124995 0.832972
v -0.453013 0.115615 0.805621
v -0.417014 0.105077 0.795610
v -0.380568 0.096204 0.805621
v -0.353442 0.091374 0.832972
v -0.342904 0.091881 0.870333
v -0.351777 0.097589 0.907695
v -0.377684 0.106969 0.935046
v -0.413683 0.117508 0.945057
v -0.450128 0.126381 0.935046
v -0.477254 0.131211 0.907695
v -0.500680 0.065916 0.875167
v -0.491137 0.061414 0.837805
v -0.464228 0.055496 0.810454
v -0.427161 0.049746 0.800443
v -0.389869 0.045706 0.810454
v -0.362345 0.044458 0.837805
v -0.351963 0.046337 0.875167
v -0.361505 0.050838 0.912528
v -0.388415 0.056757 0.939879
v -0.425481 0.062506 0.949890
v -0.462773 0.066546 0.939879
v -0.490298 0.067794 0.912528
v -0.505000 0.000000 0.880000
v -0.494952 -0.003217 0.842638
v -0.467500 -0.005573 0.815288
v -0.430000 -0.006435 0.805277
v -0.392500 -0.005573 0.815288
v -0.365048 -0.003217 0.842638
v -0.355000 0.000000 0.880000
v -0.365048 0.003217 0.917362
v -0.392500 0.005573 0.944712
v -0.430000 0.006435 0.954723
v -0.467500 0.005573 0.944712
v -0.494952 0.003217 0.917362
v -0.500680 -0.065916 0.884833
v -0.490298 -0.067794 0.847472
v -0.462773 -0.066546 0.820121
v -0.425481 -0.062506 0.810110
v -0.388415 -0.056757 0.820121
v -0.361505 -0.050838 0.847472
v -0.351963 -0.046337 0.884833
v -0.362345 -0.044458 0.922195
v -0.389869 -0.045706 0.949546
v -0.427161 -0.049746 0.959557
v -0.464228 -0.055496 0.949546
v -0.491137 -0.061414 0.922195
v -0.487793 -0.130704 0.889667
v -0.477254 -0.131211 0.852305
v -0.450128 -0.126381 0.824954
v -0.413683 -0.117508 0.814943
v -0.377684 -0.106969 0.824954
v -0.351777 -0.097589 0.852305
v -0.342904 -0.091881 0.889667
v -0.353442 -0.091374 0.927028
v -0.380568 -0.096204 0.954379
v -0.417014 -0.105077 0.964390
v -0.453013 -0.115615 0.954379
v -0.478920 -0.124995 0.927028
v -0.466559 -0.193255 0.894500
v -0.456045 -0.192382 0.857138
v -0.429781 -0.184053 0.829788
v -0.394806 -0.170499 0.819777
v -0.360490 -0.155352 0.829788
v -0.336029 -0.142670 0.857138
v -0.327977 -0.135853 0.894500
v -0.338492 -0.136725 0.931862
v -0.364755 -0.145055 0.959212
v -0.399731 -0.158609 0.969223
v -0.434046 -0.173756 0.959212
v -0.458507 -0.186437 0.931862
v -0.437343 -0.252500 0.899333
v -0.427032 -0.250262 0.861972
v -0.402081 -0.238576 0.834621
v -0.369174 -0.220573 0.824610
v -0.337129 -0.201076 0.834621
v -0.314532 -0.185310 0.861972
v -0.307439 -0.177500 0.899333
v -0.317750 -0.179738 0.936695
v -0.342701 -0.191424 0.964046
v -0.375608 -0.209427 0.974057
v -0.407653 -0.228924 0.964046
v -0.430250 -0.244690 0.936695
v -0.400643 -0.307425 0.904167
v -0.390713 -0.303860 0.866805
v -0.367500 -0.289017 0.839454
v -0.337225 -0.266873 0.829443
v -0.307999 -0.243360 0.839454
v -0.287653 -0.224780 0.866805
v -0.281640 -0.216110 0.904167
v -0.291571 -0.219675 0.941528
v -0.314784 -0.234518 0.968879
v -0.345059 -0.256662 0.978890
v -0.374285 -0.280175 0.968879
v -0.394630 -0.298755 0.941528
v -0.357089 -0.357089 0.909000
v -0.347709 -0.352259 0.871638
v -0.326632 -0.334513 0.844288
v -0.299506 -0.308606 0.834277
v -0.273599 -0.281480 0.844288
v -0.255853 -0.260403 0.871638
v -0.251023 -0.251023 0.909000
v -0.260403 -0.255853 0.946362
v -0.281480 -0.273599 0.973712
v -0.308606 -0.299506 0.983723
v -0.334513 -0.326632 0.973712
v -0.352259 -0.347709 0.946362
v -0.307425 -0.400643 0.913833
v -0.298755 -0.394630 0.876472
v -0.280175 -0.374285 0.849121
v -0.256662 -0.345059 0.839110
v -0.234518 -0.314784 0.849121
v -0.219675 -0.291571 0.876472
v -0.216110 -0.281640 0.913833
v -0.224780 -0.287653 0.951195
v -0.243360 -0.307999 0.978546
v -0.266873 -0.337225 0.988557
v -0.289017 -0.367500 0.978546
v -0.303860 -0.390713 0.951195
v -0.252500 -0.437343 0.918667
v -0.244690 -0.430250 0.881305
v -0.228924 -0.407653 0.853954
v -0.209427 -0.375608 0.843943
v -0.191424 -0.342701 0.853954
v -0.179738 -0.317750 0.881305
v -0.177500 -0.307439 0.918667
v -0.185310 -0.314532 0.956028
v -0.201076 -0.337129 0.983379
v -0.220573 -0.369174 0.993390
v -0.238576 -0.402081 0.983379
v -0.250262 -0.427032 0.956028
v -0.193255 -0.466559 0.923500
v -0.186437 -0.458507 0.886138
v -0.173756 -0.434046 0.858788
v -0.158609 -0.399731 0.848777
v -0.145055 -0.364755 0.858788
v -0.136725 -0.338492 0.886138
v -0.135853 -0.327977 0.923500
v -0.142670 -0.336029 0.960862
v -0.155352 -0.360490 0.988212
v -0.170499 -0.394806 0.998223
v -0.184053 -0.429781 0.988212
v -0.192382 -0.456045 0.960862
v -0.130704 -0.487793 0.928333
v -0.124995 -0.478920 0.890972
v -0.115615 -0.453013 0.863621
v -0.105077 -0.417014 0.853610
v -0.096204 -0.380568 0.863621
v -0.091374 -0.353442 0.890972
v -0.091881 -0.342904 0.928333
v -0.097589 -0.351777 0.965695
v -0.106969 -0.377684 0.993046
v -0.117508 -0.413683 1.003057
v -0.126381 -0.450128 0.993046
v -0.131211 -0.477254 0.965695
v -0.065916 -0.500680 0.933167
v -0.061414 -0.491137 0.895805
v -0.055496 -0.464228 0.868454
v -0.049746 -0.427161 0.858443
v -0.045706 -0.389869 0.868454
v -0.044458 -0.362345 0.895805
v -0.046337 -0.351963 0.933167
v -0.050838 -0.361505 0.970528
v -0.056757 -0.388415 0.997879
v -0.062506 -0.425481 1.007890
v -0.066546 -0.462773 0.997879
v -0.067794 -0.490298 0.970528
v 0.000000 -0.505000 0.938000
v 0.003217 -0.494952 0.900638
v 0.005573 -0.467500 0.873288
v 0.006435 -0.430000 0.863277
v 0.005573 -0.392500 0.873288
v 0.003217 -0.365048 0.900638
v 0.000000 -0.355000 0.938000
v -0.003217 -0.365048 0.975362
v -0.005573 -0.392500 1.002712
v -0.006435 -0.430000 1.012723
v -0.005573 -0.467500 1.002712
v -0.003217 -0.494952 0.975362
v 0.065916 -0.500680 0.942833
v 0.067794 -0.490298 0.905472
v 0.066546 -0.462773 0.878121
v 0.062506 -0.425481 0.868110
v 0.056757 -0.388415 0.878121
v 0.050838 -0.361505 0.905472
v 0.046337 -0.351963 0.942833
v 0.044458 -0.362345 0.980195
v 0.045706 -0.389869 1.007546
v 0.049746 -0.427161 1.017557
v 0.055496 -0.464228 1.007546
v 0.061414 -0.491137 0.980195
v 0.130704 -0.487793 0.947667
v 0.131211 -0.477254 0.910305
v 0.126381 -0.450128 0.882954
v 0.117508 -0.413683 0.872943
v 0.106969 -0.377684 0.882954
v 0.097589 -0.351777 0.910305
v 0.091881 -0.342904 0.947667
v 0.091374 -0.353442 0.985028
v 0.096204 -0.380568 1.012379
v 0.105077 -0.417014 1.022390
v 0.115615 -0.453013 1.012379
v 0.124995 -0.478920 0.985028
v 0.193255 -0.466559 0.952500
v 0.192382 -0.456045 0.915138
v 0.184053 -0.429781 0.887788
v 0.170499 -0.394806 0.877777
v 0.155352 -0.360490 0.887788
v 0.142670 -0.336029 0.915138
v 0.135853 -0.327977 0.952500
v 0.136725 -0.338492 0.989862
v 0.145055 -0.364755 1.017212
v 0.158609 -0.399731 1.027223
v 0.173756 -0.434046 1.017212
v 0.186437 -0.458507 0.989862
v 0.252500 -0.437343 0.957333
v 0.250262 -0.427032 0.919972
v 0.238576 -0.402081 0.892621
v 0.220573 -0.369174 0.882610
v 0.201076 -0.337129 0.892621
v 0.185310 -0.314532 0.919972
v 0.177500 -0.307439 0.957333
v 0.179738 -0.317750 0.994695
v 0.191424 -0.342701 1.022046
v 0.209427 -0.375608 1.032057
v 0.228924 -0.407653 1.022046
v 0.244690 -0.430250 0.994695
v 0.307425 -0.400643 0.962167
v 0.303860 -0.390713 0.924805
v 0.289017 -0.367500 0.897454
v 0.266873 -0.337225 0.887443
v 0.243360 -0.307999 0.897454
v 0.224780 -0.287653 0.924805
v 0.216110 -0.281640 0.962167
v 0.219675 -0.291571 0.999528
v 0.234518 -0.314784 1.026879
v 0.256662 -0.345059 1.036890
v 0.280175 -0.374285 1.026879
v 0.298755 -0.394630 0.999528
v 0.357089 -0.357089 0.967000
v 0.352259 -0.347709 0.929638
v 0.334513 -0.326632 0.902288
v 0.308606 -0.299506 0.892277
v 0.281480 -0.273599 0.902288
v 0.260403 -0.255853 0.929638
v 0.251023 -0.251023 0.967000
v 0.255853 -0.260403 1.004362
v 0.273599 -0.281480 1.031712
v 0.299506 -0.308606 1.041723
v 0.326632 -0.334513 1.031712
v 0.347709 -0.352259 1.004362
v 0.400643 -0.307425 0.971833
v 0.394630 -0.298755 0.934472
v 0.374285 -0.280175 0.907121
v 0.345059 -0.256662 0.897110
v 0.314784 -0.234518 0.907121
v 0.291571 -0.219675 0.934472
v 0.281640 -0.216110 0.971833
v 0.287653 -0.224780 1.009195
v 0.307999 -0.243360 1.036546
v 0.337225 -0.266873 1.046557
v 0.367500 -0.289017 1.036546
v 0.390713 -0.303860 1.009195
v 0.437343 -0.252500 0.976667
v 0.430250 -0.244690 0.939305
v 0.407653 -0.228924 0.911954
v 0.375608 -0.209427 0.901943
v 0.342701 -0.191424 0.911954
v 0.317750 -0.179738 0.939305
v 0.307439 -0.177500 0.976667
v 0.314532 -0.185310 1.014028
v 0.337129 -0.201076 1.041379
v 0.369174 -0.220573 1.051390
v 0.402081 -0.238576 1.041379
v 0.427032 -0.250262 1.014028
v 0.466559 -0.193255 0.981500
v 0.458507 -0.186437 0.944138
v 0.434046 -0.173756 0.916788
v 0.399731 -0.158609 0.906777
v 0.364755 -0.145055 0.916788
v 0.338492 -0.136725 0.944138
v 0.327977 -0.135853 0.981500
v 0.336029 -0.142670 1.018862
v 0.360490 -0.155352 1.046212
v 0.394806 -0.170499 1.056223
v 0.429781 -0.184053 1.046212
v 0.456045 -0.192382 1.018862
v 0.487793 -0.130704 0.986333
v 0.478920 -0.124995 0.948972
v 0.453013 -0.115615 0.921621
v 0.417014 -0.105077 0.911610
v 0.380568 -0.096204 0.921621
v 0.353442 -0.091374 0.948972
v 0.342904 -0.091881 0.986333
v 0.351777 -0.097589 1.023695
v 0.377684 -0.106969 1.051046
v 0.413683 -0.117508 1.061057
v 0.450128 -0.126381 1.051046
v 0.477254 -0.131211 1.023695
v 0.500680 -0.065916 0.991167
v 0.491137 -0.061414 0.953805
v 0.464228 -0.055496 0.926454
v 0.427161 -0.049746 0.916443
v 0.389869 -0.045706 0.926454
v 0.362345 -0.044458 0.953805
v 0.351963 -0.046337 0.991167
v 0.361505 -0.050838 1.028528
v 0.388415 -0.056757 1.055879
v 0.425481 -0.062506 1.065890
v 0.462773 -0.066546 1.055879
v 0.490298 -0.067794 1.028528
v 0.505000 -0.000000 0.996000
v 0.494952 0.003217 0.958638
v 0.467500 0.005573 0.931288
v 0.430000 0.006435 0.921277
v 0.392500 0.005573 0.931288
v 0.365048 0.003217 0.958638
v 0.355000 -0.000000 0.996000
v 0.365048 -0.003217 1.033362
v 0.392500 -0.005573 1.060712
v 0.430000 -0.006435 1.070723
v 0.467500 -0.005573 1.060712
v 0.494952 -0.003217 1.033362
v 0.500680 0.065916 1.000833
v 0.490298 0.067794 0.963472
v 0.462773 0.066546 0.936121
v 0.425481 0.062506 0.926110
v 0.388415 0.056757 0.936121
v 0.361505 0.050838 0.963472
v 0.351963 0.046337 1.000833
v 0.362345 0.044458 1.038195
v 0.389869 0.045706 1.065546
v 0.427161 0.049746 1.075557
v 0.464228 0.055496 1.065546
v 0.491137 0.061414 1.038195
v 0.487793 0.130704 1.005667
v 0.477254 0.131211 0.968305
v 0.450128 0.126381 0.940954
v 0.413683 0.117508 0.930943
v 0.377684 0.106969 0.940954
v 0.351777 0.097589 0.968305
v 0.342904 0.091881 1.005667
v 0.353442 0.091374 1.043028
v 0.380568 0.096204 1.070379
v 0.417014 0.105077 1.080390
v 0.453013 0.115615 1.070379
v 0.478920 0.124995 1.043028
v 0.466559 0.193255 1.010500
v 0.456045 0.192382 0.973138
v 0.429781 0.184053 0.945788
v 0.394806 0.170499 0.935777
v 0.360490 0.155352 0.945788
v 0.336029 0.142670 0.973138
v 0.327977 0.135853 1.010500
v 0.338492 0.136725 1.047862
v 0.364755 0.145055 1.075212
v 0.399731 0.158609 1.085223
v 0.434046 0.173756 1.075212
v 0.458507 0.186437 1.047862
v 0.437343 0.252500 1.015333
v 0.427032 0.250262 0.977972
v 0.402081 0.238576 0.950621
v 0.369174 0.220573 0.940610
v 0.337129 0.201076 0.950621
v 0.314532 0.185310 0.977972
v 0.307439 0.177500 1.015333
v 0.317750 0.179738 1.052695
v 0.342701 0.191424 1.080046
v 0.375608 0.209427 1.090057
v 0.407653 0.228924 1.080046
v 0.430250 0.244690 1.052695
v 0.400643 0.307425 1.020167
v 0.390713 0.303860 0.982805
v 0.367500 0.289017 0.955454
v 0.337225 0.266873 0.945443
v 0.307999 0.243360 0.955454
v 0.287653 0.224780 0.982805
v 0.281640 0.216110 1.020167
v 0.291571 0.219675 1.057528
v 0.314784 0.234518 1.084879
v 0.345059 0.256662 1.094890
v 0.374285 0.280175 1.084879
v 0.394630 0.298755 1.057528
v 0.357089 0.357089 1.025000
v 0.347709 0.352259 0.987638
v 0.326632 0.334513 0.960288
v 0.299506 0.308606 0.950277
v 0.273599 0.281480 0.960288
v 0.255853 0.260403 0.987638
v 0.251023 0.251023 1.025000
v 0.260403 0.255853 1.062362
v 0.281480 0.273599 1.089712
v 0.308606 0.299506 1.099723
v 0.334513 0.326632 1.089712
v 0.352259 0.347709 1.062362
v 0.307425 0.400643 1.029833
v 0.298755 0.394630 0.992472
v 0.280175 0.374285 0.965121
v 0.256662 0.345059 0.955110
v 0.234518 0.314784 0.965121
v 0.219675 0.291571 0.992472
v 0.216110 0.281640 1.029833
v 0.224780 0.287653 1.067195
v 0.243360 0.307999 1.094546
v 0.266873 0.337225 1.104557
v 0.289017 0.367500 1.094546
v 0.303860 0.390713 1.067195
v 0.252500 0.437343 1.034667
v 0.244690 0.430250 0.997305
v 0.228924 0.407653 0.969954
v 0.209427 0.375608 0.959943
v 0.191424 0.342701 0.969954
v 0.179738 0.317750 0.997305
v 0.177500 0.307439 1.034667
v 0.185310 0.314532 1.072028
v 0.201076 0.337129 1.099379
v 0.220573 0.369174 1.109390
v 0.238576 0.402081 1.099379
v 0.250262 0.427032 1.072028
v 0.193255 0.466559 1.039500
v 0.186437 0.458507 1.002138
v 0.173756 0.434046 0.974788
v 0.158609 0.399731 0.964777
v 0.145055 0.364755 0.974788
v 0.136725 0.338492 1.002138
v 0.135853 0.327977 1.039500
v 0.142670 0.336029 1.076862
v 0.155352 0.360490 1.104212
v 0.170499 0.394806 1.114223
v 0.184053 0.429781 1.104212
v 0.192382 0.456045 1.076862
v 0.130704 0.487793 1.044333
v 0.124995 0.478920 1.006972
v 0.115615 0.453013 0.979621
v 0.105077 0.417014 0.969610
v 0.096204 0.380568 0.979621
v 0.091374 0.353442 1.006972
v 0.091881 0.342904 1.044333
v 0.097589 0.351777 1.081695
v 0.106969 0.377684 1.109046
v 0.117508 0.413683 1.119057
v 0.126381 0.450128 1.109046
v 0.131211 0.477254 1.081695
v 0.065916 0.500680 1.049167
v 0.061414 0.491137 1.011805
v 0.055496 0.464228 0.984454
v 0.049746 0.427161 0.974443
v 0.045706 0.389869 0.984454
v 0.044458 0.362345 1.011805
v 0.046337 0.351963 1.049167
v 0.050838 0.361505 1.086528
v 0.056757 0.388415 1.113879
v 0.062506 0.425481 1.123890
v 0.066546 0.462773 1.113879
v 0.067794 0.490298 1.086528
v -0.000000 0.505000 1.054000
v -0.003217 0.494952 1.016638
v -0.005573 0.467500 0.989288
v -0.006435 0.430000 0.979277
v -0.005573 0.392500 0.989288
v -0.003217 0.365048 1.016638
v -0.000000 0.355000 1.054000
v 0.003217 0.365048 1.091362
v 0.005573 0.392500 1.118712
v 0.006435 0.430000 1.128723
v 0.005573 0.467500 1.118712
v 0.003217 0.494952 1.091362
v -0.065916 0.500680 1.058833
v -0.067794 0.490298 1.021472
v -0.066546 0.462773 0.994121
v -0.062506 0.425481 0.984110
v -0.056757 0.388415 0.994121
v -0.050838 0.361505 1.021472
v -0.046337 0.351963 1.058833
v -0.044458 0.362345 1.096195
v -0.045706 0.389869 1.123546
v -0.049746 0.427161 1.133557
v -0.055496 0.464228 1.123546
v -0.061414 0.491137 1.096195
v -0.130704 0.487793 1.063667
v -0.131211 0.477254 1.026305
v -0.126381 0.450128 0.998954
v -0.117508 0.413683 0.988943
v -0.106969 0.377684 0.998954
v -0.097589 0.351777 1.026305
v -0.091881 0.342904 1.063667
v -0.091374 0.353442 1.101028
v -0.096204 0.380568 1.128379
v -0.105077 0.417014 1.138390
v -0.115615 0.453013 1.128379
v -0.124995 0.478920 1.101028
v -0.193255 0.466559 1.068500
v -0.192382 0.456045 1.031138
v -0.184053 0.429781 1.003788
v -0.170499 0.394806 0.993777
v -0.155352 0.360490 1.003788
v -0.142670 0.336029 1.031138
v -0.135853 0.327977 1.068500
v -0.136725 0.338492 1.105862
v -0.145055 0.364755 1.133212
v -0.158609 0.399731 1.143223
v -0.173756 0.434046 1.133212
v -0.186437 0.458507 1.105862
v -0.252500 0.437343 1.073333
v -0.250262 0.427032 1.035972
v -0.238576 0.402081 1.008621
v -0.220573 0.369174 0.998610
v -0.201076 0.337129 1.008621
v -0.185310 0.314532 1.035972
v -0.177500 0.307439 1.073333
v -0.179738 0.317750 1.110695
v -0.191424 0.342701 1.138046
v -0.209427 0.375608 1.148057
v -0.228924 0.407653 1.138046
v -0.244690 0.430250 1.110695
v -0.307425 0.400643 1.078167
v -0.303860 0.390713 1.040805
v -0.289017 0.367500 1.013454
v -0.266873 0.337225 1.003443
v -0.243360 0.307999 1.013454
v -0.224780 0.287653 1.040805
v -0.216110 0.281640 1.078167
v -0.219675 0.291571 1.115528
v -0.234518 0.314784 1.142879
v -0.256662 0.345059 1.152890
v -0.280175 0.374285 1.142879
v -0.298755 0.394630 1.115528
v -0.357089 0.357089 1.083000
v -0.352259 0.347709 1.045638
v -0.334513 0.326632 1.018288
v -0.308606 0.299506 1.008277
v -0.281480 0.273599 1.018288
v -0.260403 0.255853 1.045638
v -0.251023 0.251023 1.083000
v -0.255853 0.260403 1.120362
v -0.273599 0.281480 1.147712
v -0.299506 0.308606 1.157723
v -0.326632 0.334513 1.147712
v -0.347709 0.352259 1.120362
v -0.400643 0.307425 1.087833
v -0.394630 0.298755 1.050472
v -0.374285 0.280175 1.023121
v -0.345059 0.256662 1.013110
v -0.314784 0.234518 1.023121
v -0.291571 0.219675 1.050472
v -0.281640 0.216110 1.087833
v -0.287653 0.224780 1.125195
v -0.307999 0.243360 1.152546
v -0.337225 0.266873 1.162557
v -0.367500 0.289017 1.152546
v -0.390713 0.303860 1.125195
v -0.437343 0.252500 1.092667
v -0.430250 0.244690 1.055305
v -0.407653 0.228924 1.027954
v -0.375608 0.209427 1.017943
v -0.342701 0.191424 1.027954
v -0.317750 0.179738 1.055305
v -0.307439 0.177500 1.092667
v -0.314532 0.185310 1.130028
v -0.337129 0.201076 1.157379
v -0.369174 0.220573 1.167390
v -0.402081 0.238576 1.157379
v -0.427032 0.250262 1.130028
v -0.466559 0.193255 1.097500
v -0.458507 0.186437 1.060138
v -0.434046 0.173756 1.032788
v -0.399731 0.158609 1.022777
v -0.364755 0.145055 1.032788
v -0.338492 0.136725 1.060138
v -0.327977 0.135853 1.097500
v -0.336029 0.142670 1.134862
v -0.360490 0.155352 1.162212
v -0.394806 0.170499 1.172223
v -0.429781 0.184053 1.162212
v -0.456045 0.192382 1.134862
v -0.487793 0.130704 1.102333
v -0.478920 0.124995 1.064972
v -0.453013 0.115615 1.037621
v -0.417014 0.105077 1.027610
v -0.380568 0.096204 1.037621
v -0.353442 0.091374 1.064972
v -0.342904 0.091881 1.102333
v -0.351777 0.097589 1.139695
v -0.377684 0.106969 1.167046
v -0.413683 0.117508 1.177057
v -0.450128 0.126381 1.167046
v -0.477254 0.131211 1.139695
v -0.500680 0.065916 1.107167
v -0.491137 0.061414 1.069805
v -0.464228 0.055496 1.042454
v -0.427161 0.049746 1.032443
v -0.389869 0.045706 1.042454
v -0.362345 0.044458 1.069805
v -0.351963 0.046337 1.107167
v -0.361505 0.050838 1.144528
v -0.388415 0.056757 1.171879
v -0.425481 0.062506 1.181890
v -0.462773 0.066546 1.171879
v -0.490298 0.067794 1.144528
v -0.505000 0.000000 1.112000
v -0.494952 -0.003217 1.074638
v -0.467500 -0.005573 1.047288
v -0.430000 -0.006435 1.037277
v -0.392500 -0.005573 1.047288
v -0.365048 -0.003217 1.074638
v -0.355000 0.000000 1.112000
v -0.365048 0.003217 1.149362
v -0.392500 0.005573 1.176712
v -0.430000 0.006435 1.186723
v -0.467500 0.005573 1.176712
v -0.494952 0.003217 1.149362
v -0.500680 -0.065916 1.116833
v -0.490298 -0.067794 1.079472
v -0.462773 -0.066546 1.052121
v -0.425481 -0.062506 1.042110
v -0.388415 -0.056757 1.052121
v -0.361505 -0.050838 1.079472
v -0.351963 -0.046337 1.116833
v -0.362345 -0.044458 1.154195
v -0.389869 -0.045706 1.181546
v -0.427161 -0.049746 1.191557
v -0.464228 -0.055496 1.181546
v -0.491137 -0.061414 1.154195
v -0.487793 -0.130704 1.121667
v -0.477254 -0.131211 1.084305
v -0.450128 -0.126381 1.056954
v -0.413683 -0.117508 1.046943
v -0.377684 -0.106969 1.056954
v -0.351777 -0.097589 1.084305
v -0.342904 -0.091881 1.121667
v -0.353442 -0.091374 1.159028
v -0.380568 -0.096204 1.186379
v -0.417014 -0.105077 1.196390
v -0.453013 -0.115615 1.186379
v -0.478920 -0.124995 1.159028
v -0.466559 -0.193255 1.126500
v -0.456045 -0.192382 1.089138
v -0.429781 -0.184053 1.061788
v -0.394806 -0.170499 1.051777
v -0.360490 -0.155352 1.061788
v -0.336029 -0.142670 1.089138
v -0.327977 -0.135853 1.126500
v -0.338492 -0.136725 1.163862
v -0.364755 -0.145055 1.191212
v -0.399731 -0.158609 1.201223
v -0.434046 -0.173756 1.191212
v -0.458507 -0.186437 1.163862
v -0.437343 -0.252500 1.131333
v -0.427032 -0.250262 1.093972
v -0.402081 -0.238576 1.066621
v -0.369174 -0.220573 1.056610
v -0.337129 -0.201076 1.066621
v -0.314532 -0.185310 1.093972
v -0.307439 -0.177500 1.131333
v -0.317750 -0.179738 1.168695
v -0.342701 -0.191424 1.196046
v -0.375608 -0.209427 1.206057
v -0.407653 -0.228924 1.196046
v -0.430250 -0.244690 1.168695
v -0.400643 -0.307425 1.136167
v -0.390713 -0.303860 1.098805
v -0.367500 -0.289017 1.071454
v -0.337225 -0.266873 1.061443
v -0.307999 -0.243360 1.071454
v -0.287653 -0.224780 1.098805
v -0.281640 -0.216110 1.136167
v -0.291571 -0.219675 1.173528
v -0.314784 -0.234518 1.200879
v -0.345059 -0.256662 1.210890
v -0.374285 -0.280175 1.200879
v -0.394630 -0.298755 1.173528
v -0.357089 -0.357089 1.141000
v -0.347709 -0.352259 1.103638
v -0.326632 -0.334513 1.076288
v -0.299506 -0.308606 1.066277
v -0.273599 -0.281480 1.076288
v -0.255853 -0.260403 1.103638
v -0.251023 -0.251023 1.141000
v -0.260403 -0.255853 1.178362
v -0.281480 -0.273599 1.205712
v -0.308606 -0.299506 1.215723
v -0.334513 -0.326632 1.205712
v -0.352259 -0.347709 1.178362
v -0.307425 -0.400643 1.145833
v -0.298755 -0.394630 1.108472
v -0.280175 -0.374285 1.081121
v -0.256662 -0.345059 1.071110
v -0.234518 -0.314784 1.081121
v -0.219675 -0.291571 1.108472
v -0.216110 -0.281640 1.145833
v -0.224780 -0.287653 1.183195
v -0.243360 -0.307999 1.210546
v -0.266873 -0.337225 1.220557
v -0.289017 -0.367500 1.210546
v -0.303860 -0.390713 1.183195
v -0.252500 -0.437343 1.150667
v -0.244690 -0.430250 1.113305
v -0.228924 -0.407653 1.085954
v -0.209427 -0.375608 1.075943
v -0.191424 -0.342701 1.085954
v -0.179738 -0.317750 1.113305
v -0.177500 -0.307439 1.150667
v -0.185310 -0.314532 1.188028
v -0.201076 -0.337129 1.215379
v -0.220573 -0.369174 1.225390
v -0.238576 -0.402081 1.215379
v -0.250262 -0.427032 1.188028
v -0.193255 -0.466559 1.155500
v -0.186437 -0.458507 1.118138
v -0.173756 -0.434046 1.090788
v -0.158609 -0.399731 1.080777
v -0.145055 -0.364755 1.090788
v -0.136725 -0.338492 1.118138
v -0.135853 -0.327977 1.155500
v -0.142670 -0.336029 1.192862
v -0.155352 -0.360490 1.220212
v -0.170499 -0.394806 1.230223
v -0.184053 -0.429781 1.220212
v -0.192382 -0.456045 1.192862
v -0.130704 -0.487793 1.160333
v -0.124995 -0.478920 1.122972
v -0.115615 -0.453013 1.095621
v -0.105077 -0.417014 1.085610
v -0.096204 -0.380568 1.095621
v -0.091374 -0.353442 1.122972
v -0.091881 -0.342904 1.160333
v -0.097589 -0.351777 1.197695
v -0.106969 -0.377684 1.225046
v -0.117508 -0.413683 1.235057
v -0.126381 -0.450128 1.225046
v -0.131211 -0.477254 1.197695
v -0.065916 -0.500680 1.165167
v -0.061414 -0.491137 1.127805
v -0.055496 -0.464228 1.100454
v -0.049746 -0.427161 1.090443
v -0.045706 -0.389869 1.100454
v -0.044458 -0.362345 1.127805
v -0.046337 -0.351963 1.165167
v -0.050838 -0.361505 1.202528
v -0.056757 -0.388415 1.229879
v -0.062506 -0.425481 1.239890
v -0.066546 -0.462773 1.229879
v -0.067794 -0.490298 1.202528
v -0.000000 -0.505000 1.170000
v 0.003217 -0.494952 1.132638
v 0.005573 -0.467500 1.105288
v 0.006435 -0.430000 1.095277
v 0.005573 -0.392500 1.105288
v 0.003217 -0.365048 1.132638
v -0.000000 -0.355000 1.170000
v -0.003217 -0.365048 1.207362
v -0.005573 -0.392500 1.234712
v -0.006435 -0.430000 1.244723
v -0.005573 -0.467500 1.234712
v -0.003217 -0.494952 1.207362
v 0.065916 -0.500680 1.174833
v 0.067794 -0.490298 1.137472
v 0.066546 -0.462773 1.110121
v 0.062506 -0.425481 1.100110
v 0.056757 -0.388415 1.110121
v 0.050838 -0.361505 1.137472
v 0.046337 -0.351963 1.174833
v 0.044458 -0.362345 1.212195
v 0.045706 -0.389869 1.239546
v 0.049746 -0.427161 1.249557
v 0.055496 -0.464228 1.239546
v 0.061414 -0.491137 1.212195
v 0.130704 -0.487793 1.179667
v 0.131211 -0.477254 1.142305
v 0.126381 -0.450128 1.114954
v 0.117508 -0.413683 1.104943
v 0.106969 -0.377684 1.114954
v 0.097589 -0.351777 1.142305
v 0.091881 -0.342904 1.179667
v 0.091374 -0.353442 1.217028
v 0.096204 -0.380568 1.244379
v 0.105077 -0.417014 1.254390
v 0.115615 -0.453013 1.244379
v 0.124995 -0.478920 1.217028
v 0.193255 -0.466559 1.184500
v 0.192382 -0.456045 1.147138
v 0.184053 -0.429781 1.119788
v 0.170499 -0.394806 1.109777
v 0.155352 -0.360490 1.119788
v 0.142670 -0.336029 1.147138
v 0.135853 -0.327977 1.184500
v 0.136725 -0.338492 1.221862
v 0.145055 -0.364755 1.249212
v 0.158609 -0.399731 1.259223
v 0.173756 -0.434046 1.249212
v 0.186437 -0.458507 1.221862
v 0.252500 -0.437343 1.189333
v 0.250262 -0.427032 1.151972
v 0.238576 -0.402081 1.124621
v 0.220573 -0.369174 1.114610
v 0.201076 -0.337129 1.124621
v 0.185310 -0.314532 1.151972
v 0.177500 -0.307439 1.189333
v 0.179738 -0.317750 1.226695
v 0.191424 -0.342701 1.254046
v 0.209427 -0.375608 1.264057
v 0.228924 -0.407653 1.254046
v 0.244690 -0.430250 1.226695
v 0.307425 -0.400643 1.194167
v 0.303860 -0.390713 1.156805
v 0.289017 -0.367500 1.129454
v 0.266873 -0.337225 1.119443
v 0.243360 -0.307999 1.129454
v 0.224780 -0.287653 1.156805
v 0.216110 -0.281640 1.194167
v 0.219675 -0.291571 1.231528
v 0.234518 -0.314784 1.258879
v 0.256662 -0.345059 1.268890
v 0.280175 -0.374285 1.258879
v 0.298755 -0.394630 1.231528
v 0.357089 -0.357089 1.199000
v 0.352259 -0.347709 1.161638
v 0.334513 -0.326632 1.134288
v 0.308606 -0.299506 1.124277
v 0.281480 -0.273599 1.134288
v 0.260403 -0.255853 1.161638
v 0.251023 -0.251023 1.199000
v 0.255853 -0.260403 1.236362
v 0.273599 -0.281480 1.263712
v 0.299506 -0.308606 1.273723
v 0.326632 -0.334513 1.263712
v 0.347709 -0.352259 1.236362
v 0.400643 -0.307425 1.203833
v 0.394630 -0.298755 1.166472
v 0.374285 -0.280175 1.139121
v 0.345059 -0.256662 1.129110
v 0.314784 -0.234518 1.139121
v 0.291571 -0.219675 1.166472
v 0.281640 -0.216110 1.203833
v 0.287653 -0.224780 1.241195
v 0.307999 -0.243360 1.268546
v 0.337225 -0.266873 1.278557
v 0.367500 -0.289017 1.268546
v 0.390713 -0.303860 1.241195
v 0.437343 -0.252500 1.208667
v 0.430250 -0.244690 1.171305
v 0.407653 -0.228924 1.143954
v 0.375608 -0.209427 1.133943
v 0.342701 -0.191424 1.143954
v 0.317750 -0.179738 1.171305
v 0.307439 -0.177500 1.208667
v 0.314532 -0.185310 1.246028
v 0.337129 -0.201076 1.273379
v 0.369174 -0.220573 1.283390
v 0.402081 -0.238576 1.273379
v 0.427032 -0.250262 1.246028
v 0.466559 -0.193255 1.213500
v 0.458507 -0.186437 1.176138
v 0.434046 -0.173756 1.148788
v 0.399731 -0.158609 1.138777
v 0.364755 -0.145055 1.148788
v 0.338492 -0.136725 1.176138
v 0.327977 -0.135853 1.213500
v 0.336029 -0.142670 1.250862
v 0.360490 -0.155352 1.278212
v 0.394806 -0.170499 1.288223
v 0.429781 -0.184053 1.278212
v 0.456045 -0.192382 1.250862
v 0.487793 -0.130704 1.218333
v 0.478920 -0.124995 1.180972
v 0.453013 -0.115615 1.153621
v 0.417014 -0.105077 1.143610
v 0.380568 -0.096204 1.153621
v 0.353442 -0.091374 1.180972
v 0.342904 -0.091881 1.218333
v 0.351777 -0.097589 1.255695
v 0.377684 -0.106969 1.283046
v 0.413683 -0.117508 1.293057
v 0.450128 -0.126381 1.283046
v 0.477254 -0.131211 1.255695
v 0.500680 -0.065916 1.223167
v 0.491137 -0.061414 1.185805
v 0.464228 -0.055496 1.158454
v 0.427161 -0.049746 1.148443
v 0.389869 -0.045706 1.158454
v 0.362345 -0.044458 1.185805
v 0.351963 -0.046337 1.223167
v 0.361505 -0.050838 1.260528
v 0.388415 -0.056757 1.287879
v 0.425481 -0.062506 1.297890
v 0.462773 -0.066546 1.287879
v 0.490298 -0.067794 1.260528
v 0.505000 -0.000000 1.228000
v 0.494952 0.003217 1.190638
v 0.467500 0.005573 1.163288
v 0.430000 0.006435 1.153277
v 0.392500 0.005573 1.163288
v 0.365048 0.003217 1.190638
v 0.355000 -0.000000 1.228000
v 0.365048 -0.003217 1.265362
v 0.392500 -0.005573 1.292712
v 0.430000 -0.006435 1.302723
v 0.467500 -0.005573 1.292712
v 0.494952 -0.003217 1.265362
v 0.500680 0.065916 1.232833
v 0.490298 0.067794 1.195472
v 0.462773 0.066546 1.168121
v 0.425481 0.062506 1.158110
v 0.388415 0.056757 1.168121
v 0.361505 0.050838 1.195472
v 0.351963 0.046337 1.232833
v 0.362345 0.044458 1.270195
v 0.389869 0.045706 1.297546
v 0.427161 0.049746 1.307557
v 0.464228 0.055496 1.297546
v 0.491137 0.061414 1.270195
v 0.487793 0.130704 1.237667
v 0.477254 0.131211 1.200305
v 0.450128 0.126381 1.172954
v 0.413683 0.117508 1.162943
v 0.377684 0.106969 1.172954
v 0.351777 0.097589 1.200305
v 0.342904 0.091881 1.237667
v 0.353442 0.091374 1.275028
v 0.380568 0.096204 1.302379
v 0.417014 0.105077 1.312390
v 0.453013 0.115615 1.302379
v 0.478920 0.124995 1.275028
v 0.466559 0.193255 1.242500
v 0.456045 0.192382 1.205138
v 0.429781 0.184053 1.177788
v 0.394806 0.170499 1.167777
v 0.360490 0.155352 1.177788
v 0.336029 0.142670 1.205138
v 0.327977 0.135853 1.242500
v 0.338492 0.136725 1.279862
v 0.364755 0.145055 1.307212
v 0.399731 0.158609 1.317223
v 0.434046 0.173756 1.307212
v 0.458507 0.186437 1.279862
v 0.437343 0.252500 1.247333
v 0.427032 0.250262 1.209972
v 0.402081 0.238576 1.182621
v 0.369174 0.220573 1.172610
v 0.337129 0.201076 1.182621
v 0.314532 0.185310 1.209972
v 0.307439 0.177500 1.247333
v 0.317750 0.179738 1.284695
v 0.342701 0.191424 1.312046
v 0.375608 0.209427 1.322057
v 0.407653 0.228924 1.312046
v 0.430250 0.244690 1.284695
v 0.400643 0.307425 1.252167
v 0.390713 0.303860 1.214805
v 0.367500 0.289017 1.187454
v 0.337225 0.266873 1.177443
v 0.307999 0.243360 1.187454
v 0.287653 0.224780 1.214805
v 0.281640 0.216110 1.252167
v 0.291571 0.219675 1.289528
v 0.314784 0.234518 1.316879
v 0.345059 0.256662 1.326890
v 0.374285 0.280175 1.316879
v 0.394630 0.298755 1.289528
v 0.357089 0.357089 1.257000
v 0.347709 0.352259 1.219638
v 0.326632 0.334513 1.192288
v 0.299506 0.308606 1.182277
v 0.273599 0.281480 1.192288
v 0.255853 0.260403 1.219638
v 0.251023 0.251023 1.257000
v 0.260403 0.255853 1.294362
v 0.281480 0.273599 1.321712
v 0.308606 0.299506 1.331723
v 0.334513 0.326632 1.321712
v 0.352259 0.347709 1.294362
v 0.307425 0.400643 1.261833
v 0.298755 0.394630 1.224472
v 0.280175 0.374285 1.197121
v 0.256662 0.345059 1.187110
v 0.234518 0.314784 1.197121
v 0.219675 0.291571 1.224472
v 0.216110 0.281640 1.261833
v 0.224780 0.287653 1.299195
v 0.243360 0.307999 1.326546
v 0.266873 0.337225 1.336557
v 0.289017 0.367500 1.326546
v 0.303860 0.390713 1.299195
v 0.252500 0.437343 1.266667
v 0.244690 0.430250 1.229305
v 0.228924 0.407653 1.201954
v 0.209427 0.375608 1.191943
v 0.191424 0.342701 1.201954
v 0.179738 0.317750 1.229305
v 0.177500 0.307439 1.266667
v 0.185310 0.314532 1.304028
v 0.201076 0.337129 1.331379
v 0.220573 0.369174 1.341390
v 0.238576 0.402081 1.331379
v 0.250262 0.427032 1.304028
v 0.193255 0.466559 1.271500
v 0.186437 0.458507 1.234138
v 0.173756 0.434046 1.206788
v 0.158609 0.399731 1.196777
v 0.145055 0.364755 1.206788
v 0.136725 0.338492 1.234138
v 0.135853 0.327977 1.271500
v 0.142670 0.336029 1.308862
v 0.155352 0.360490 1.336212
v 0.170499 0.394806 1.346223
v 0.184053 0.429781 1.336212
v 0.192382 0.456045 1.308862
v 0.130704 0.487793 1.276333
v 0.124995 0.478920 1.238972
v 0.115615 0.453013 1.211621
v 0.105077 0.417014 1.201610
v 0.096204 0.380568 1.211621
v 0.091374 0.353442 1.238972
v 0.091881 0.342904 1.276333
v 0.097589 0.351777 1.313695
v 0.106969 0.377684 1.341046
v 0.117508 0.413683 1.351057
v 0.126381 0.450128 1.341046
v 0.131211 0.477254 1.313695
v 0.065916 0.500680 1.281167
v 0.061414 0.491137 1.243805
v 0.055496 0.464228 1.216454
v 0.049746 0.427161 1.206443
v 0.045706 0.389869 1.216454
v 0.044458 0.362345 1.243805
v 0.046337 0.351963 1.281167
v 0.050838 0.361505 1.318528
v 0.056757 0.388415 1.345879
v 0.062506 0.425481 1.355890
v 0.066546 0.462773 1.345879
v 0.067794 0.490298 1.318528
v 0.000000 0.505000 1.286000
v -0.003217 0.494952 1.248638
v -0.005573 0.467500 1.221288
v -0.006435 0.430000 1.211277
v -0.005573 0.392500 1.221288
v -0.003217 0.365048 1.248638
v 0.000000 0.355000 1.286000
v 0.003217 0.365048 1.323362
v 0.005573 0.392500 1.350712
v 0.006435 0.430000 1.360723
v 0.005573 0.467500 1.350712
v 0.003217 0.494952 1.323362
v -0.065916 0.500680 1.290833
v -0.067794 0.490298 1.253472
v -0.066546 0.462773 1.226121
v -0.062506 0.425481 1.216110
v -0.056757 0.388415 1.226121
v -0.050838 0.361505 1.253472
v -0.046337 0.351963 1.290833
v -0.044458 0.362345 1.328195
v -0.045706 0.389869 1.355546
v -0.049746 0.427161 1.365557
v -0.055496 0.464228 1.355546
v -0.061414 0.491137 1.328195
v -0.130704 0.487793 1.295667
v -0.131211 0.477254 1.258305
v -0.126381 0.450128 1.230954
v -0.117508 0.413683 1.220943
v -0.106969 0.377684 1.230954
v -0.097589 0.351777 1.258305
v -0.091881 0.342904 1.295667
v -0.091374 0.353442 1.333028
v -0.096204 0.380568 1.360379
v -0.105077 0.417014 1.370390
v -0.115615 0.453013 1.360379
v -0.124995 0.478920 1.333028
v -0.193255 0.466559 1.300500
v -0.192382 0.456045 1.263138
v -0.184053 0.429781 1.235788
v -0.170499 0.394806 1.225777
v -0.155352 0.360490 1.235788
v -0.142670 0.336029 1.263138
v -0.135853 0.327977 1.300500
v -0.136725 0.338492 1.337862
v -0.145055 0.364755 1.365212
v -0.158609 0.399731 1.375223
v -0.173756 0.434046 1.365212
v -0.186437 0.458507 1.337862
v -0.252500 0.437343 1.305333
v -0.250262 0.427032 1.267972
v -0.238576 0.402081 1.240621
v -0.220573 0.369174 1.230610
v -0.201076 0.337129 1.240621
v -0.185310 0.314532 1.267972
v -0.177500 0.307439 1.305333
v -0.179738 0.317750 1.342695
v -0.191424 0.342701 1.370046
v -0.209427 0.375608 1.380057
v -0.228924 0.407653 1.370046
v -0.244690 0.430250 1.342695
v -0.307425 0.400643 1.310167
v -0.303860 0.390713 1.272805
v -0.289017 0.367500 1.245454
v -0.266873 0.337225 1.235443
v -0.243360 0.307999 1.245454
v -0.224780 0.287653 1.272805
v -0.216110 0.281640 1.310167
v -0.219675 0.291571 1.347528
v -0.234518 0.314784 1.374879
v -0.256662 0.345059 1.384890
v -0.280175 0.374285 1.374879
v -0.298755 0.394630 1.347528
v -0.357089 0.357089 1.315000
v -0.352259 0.347709 1.277638
v -0.334513 0.326632 1.250288
v -0.308606 0.299506 1.240277
v -0.281480 0.273599 1.250288
v -0.260403 0.255853 1.277638
v -0.251023 0.251023 1.315000
v -0.255853 0.260403 1.352362
v -0.273599 0.281480 1.379712
v -0.299506 0.308606 1.389723
v -0.326632 0.334513 1.379712
v -0.347709 0.352259 1.352362
v -0.400643 0.307425 1.319833
v -0.394630 0.298755 1.282472
v -0.374285 0.280175 1.255121
v -0.345059 0.256662 1.245110
v -0.314784 0.234518 1.255121
v -0.291571 0.219675 1.282472
v -0.281640 0.216110 1.319833
v -0.287653 0.224780 1.357195
v -0.307999 0.243360 1.384546
v -0.337225 0.266873 1.394557
v -0.367500 0.289017 1.384546
v -0.390713 0.303860 1.357195
v -0.437343 0.252500 1.324667
v -0.430250 0.244690 1.287305
v -0.407653 0.228924 1.259954
v -0.375608 0.209427 1.249943
v -0.342701 0.191424 1.259954
v -0.317750 0.179738 1.287305
v -0.307439 0.177500 1.324667
v -0.314532 0.185310 1.362028
v -0.337129 0.201076 1.389379
v -0.369174 0.220573 1.399390
v -0.402081 0.238576 1.389379
v -0.427032 0.250262 1.362028
v -0.466559 0.193255 1.329500
v -0.458507 0.186437 1.292138
v -0.434046 0.173756 1.264788
v -0.399731 0.158609 1.254777
v -0.364755 0.145055 1.264788
v -0.338492 0.136725 1.292138
v -0.327977 0.135853 1.329500
v -0.336029 0.142670 1.366862
v -0.360490 0.155352 1.394212
v -0.394806 0.170499 1.404223
v -0.429781 0.184053 1.394212
v -0.456045 0.192382 1.366862
v -0.487793 0.130704 1.334333
v -0.478920 0.124995 1.296972
v -0.453013 0.115615 1.269621
v -0.417014 0.105077 1.259610
v -0.380568 0.096204 1.269621
v -0.353442 0.091374 1.296972
v -0.342904 0.091881 1.334333
v -0.351777 0.097589 1.371695
v -0.377684 0.106969 1.399046
v -0.413683 0.117508 1.409057
v -0.450128 0.126381 1.399046
v -0.477254 0.131211 1.371695
v -0.500680 0.065916 1.339167
v -0.491137 0.061414 1.301805
v -0.464228 0.055496 1.274454
v -0.427161 0.049746 1.264443
v -0.389869 0.045706 1.274454
v -0.362345 0.044458 1.301805
v -0.351963 0.046337 1.339167
v -0.361505 0.050838 1.376528
v -0.388415 0.056757 1.403879
v -0.425481 0.062506 1.413890
v -0.462773 0.066546 1.403879
v -0.490298 0.067794 1.376528
v -0.505000 0.000000 1.344000
v -0.494952 -0.003217 1.306638
v -0.467500 -0.005573 1.279288
v -0.430000 -0.006435 1.269277
v -0.392500 -0.005573 1.279288
v -0.365048 -0.003217 1.306638
v -0.355000 0.000000 1.344000
v -0.365048 0.003217 1.381362
v -0.392500 0.005573 1.408712
v -0.430000 0.006435 1.418723
v -0.467500 0.005573 1.408712
v -0.494952 0.003217 1.381362
v -0.500680 -0.065916 1.348833
v -0.490298 -0.067794 1.311472
v -0.462773 -0.066546 1.284121
v -0.425481 -0.062506 1.274110
v -0.388415 -0.056757 1.284121
v -0.361505 -0.050838 1.311472
v -0.351963 -0.046337 1.348833
v -0.362345 -0.044458 1.386195
v -0.389869 -0.045706 1.413546
v -0.427161 -0.049746 1.423557
v -0.464228 -0.055496 1.413546
v -0.491137 -0.061414 1.386195
v -0.487793 -0.130704 1.353667
v -0.477254 -0.131211 1.316305
v -0.450128 -0.126381 1.288954
v -0.413683 -0.117508 1.278943
v -0.377684 -0.106969 1.288954
v -0.351777 -0.097589 1.316305
v -0.342904 -0.091881 1.353667
v -0.353442 -0.091374 1.391028
v -0.380568 -0.096204 1.418379
v -0.417014 -0.105077 1.428390
v -0.453013 -0.115615 1.418379
v -0.478920 -0.124995 1.391028
v -0.466559 -0.193255 1.358500
v -0.456045 -0.192382 1.321138
v -0.429781 -0.184053 1.293788
v -0.394806 -0.170499 1.283777
v -0.360490 -0.155352 1.293788
v -0.336029 -0.142670 1.321138
v -0.327977 -0.135853 1.358500
v -0.338492 -0.136725 1.395862
v -0.364755 -0.145055 1.423212
v -0.399731 -0.158609 1.433223
v -0.434046 -0.173756 1.423212
v -0.458507 -0.186437 1.395862
v -0.437343 -0.252500 1.363333
v -0.427032 -0.250262 1.325972
v -0.402081 -0.238576 1.298621
v -0.369174 -0.220573 1.288610
v -0.337129 -0.201076 1.298621
v -0.314532 -0.185310 1.325972
v -0.307439 -0.177500 1.363333
v -0.317750 -0.179738 1.400695
v -0.342701 -0.191424 1.428046
v -0.375608 -0.209427 1.438057
v -0.407653 -0.228924 1.428046
v -0.430250 -0.244690 1.400695
v -0.400643 -0.307425 1.368167
v -0.390713 -0.303860 1.330805
v -0.367500 -0.289017 1.303454
v -0.337225 -0.266873 1.293443
v -0.307999 -0.243360 1.303454
v -0.287653 -0.224780 1.330805
v -0.281640 -0.216110 1.368167
v -0.291571 -0.219675 1.405528
v -0.314784 -0.234518 1.432879
v -0.345059 -0.256662 1.442890
v -0.374285 -0.280175 1.432879
v -0.394630 -0.298755 1.405528
v -0.357089 -0.357089 1.373000
v -0.347709 -0.352259 1.335638
v -0.326632 -0.334513 1.308288
v -0.299506 -0.308606 1.298277
v -0.273599 -0.281480 1.308288
v -0.255853 -0.260403 1.335638
v -0.251023 -0.251023 1.373000
v -0.260403 -0.255853 1.410362
v -0.281480 -0.273599 1.437712
v -0.308606 -0.299506 1.447723
v -0.334513 -0.326632 1.437712
v -0.352259 -0.347709 1.410362
v -0.307425 -0.400643 1.377833
v -0.298755 -0.394630 1.340472
v -0.280175 -0.374285 1.313121
v -0.256662 -0.345059 1.303110
v -0.234518 -0.314784 1.313121
v -0.219675 -0.291571 1.340472
v -0.216110 -0.281640 1.377833
v -0.224780 -0.287653 1.415195
v -0.243360 -0.307999 1.442546
v -0.266873 -0.337225 1.452557
v -0.289017 -0.367500 1.442546
v -0.303860 -0.390713 1.415195
v -0.252500 -0.437343 1.382667
v -0.244690 -0.430250 1.345305
v -0.228924 -0.407653 1.317954
v -0.209427 -0.375608 1.307943
v -0.191424 -0.342701 1.317954
v -0.179738 -0.317750 1.345305
v -0.177500 -0.307439 1.382667
v -0.185310 -0.314532 1.420028
v -0.201076 -0.337129 1.447379
v -0.220573 -0.369174 1.457390
v -0.238576 -0.402081 1.447379
v -0.250262 -0.427032 1.420028
v -0.193255 -0.466559 1.387500
v -0.186437 -0.458507 1.350138
v -0.173756 -0.434046 1.322788
v -0.158609 -0.399731 1.312777
v -0.145055 -0.364755 1.322788
v -0.136725 -0.338492 1.350138
v -0.135853 -0.327977 1.387500
v -0.142670 -0.336029 1.424862
v -0.155352 -0.360490 1.452212
v -0.170499 -0.394806 1.462223
v -0.184053 -0.429781 1.452212
v -0.192382 -0.456045 1.424862
v -0.130704 -0.487793 1.392333
v -0.124995 -0.478920 1.354972
v -0.115615 -0.453013 1.327621
v -0.105077 -0.417014 1.317610
v -0.096204 -0.380568 1.327621
v -0.091374 -0.353442 1.354972
v -0.091881 -0.342904 1.392333
v -0.097589 -0.351777 1.429695
v -0.106969 -0.377684 1.457046
v -0.117508 -0.413683 1.467057
v -0.126381 -0.450128 1.457046
v -0.131211 -0.477254 1.429695
v -0.065916 -0.500680 1.397167
v -0.061414 -0.491137 1.359805
v -0.055496 -0.464228 1.332454
v -0.049746 -0.427161 1.322443
v -0.045706 -0.389869 1.332454
v -0.044458 -0.362345 1.359805
v -0.046337 -0.351963 1.397167
v -0.050838 -0.361505 1.434528
v -0.056757 -0.388415 1.461879
v -0.062506 -0.425481 1.471890
v -0.066546 -0.462773 1.461879
v -0.067794 -0.490298 1.434528
v -0.000000 -0.505000 1.402000
v 0.003217 -0.494952 1.364638
v 0.005573 -0.467500 1.337288
v 0.006435 -0.430000 1.327277
v 0.005573 -0.392500 1.337288
v 0.003217 -0.365048 1.364638
v -0.000000 -0.355000 1.402000
v -0.003217 -0.365048 1.439362
v -0.005573 -0.392500 1.466712
v -0.006435 -0.430000 1.476723
v -0.005573 -0.467500 1.466712
v -0.003217 -0.494952 1.439362
v 0.065916 -0.500680 1.406833
v 0.067794 -0.490298 1.369472
v 0.066546 -0.462773 1.342121
v 0.062506 -0.425481 1.332110
v 0.056757 -0.388415 1.342121
v 0.050838 -0.361505 1.369472
v 0.046337 -0.351963 1.406833
v 0.044458 -0.362345 1.444195
v 0.045706 -0.389869 1.471546
v 0.049746 -0.427161 1.481557
v 0.055496 -0.464228 1.471546
v 0.061414 -0.491137 1.444195
v 0.130704 -0.487793 1.411667
v 0.131211 -0.477254 1.374305
v 0.126381 -0.450128 1.346954
v 0.117508 -0.413683 1.336943
v 0.106969 -0.377684 1.346954
v 0.097589 -0.351777 1.374305
v 0.091881 -0.342904 1.411667
v 0.091374 -0.353442 1.449028
v 0.096204 -0.380568 1.476379
v 0.105077 -0.417014 1.486390
v 0.115615 -0.453013 1.476379
v 0.124995 -0.478920 1.449028
v 0.193255 -0.466559 1.416500
v 0.192382 -0.456045 1.379138
v 0.184053 -0.429781 1.351788
v 0.170499 -0.394806 1.341777
v 0.155352 -0.360490 1.351788
v 0.142670 -0.336029 1.379138
v 0.135853 -0.327977 1.416500
v 0.136725 -0.338492 1.453862
v 0.145055 -0.364755 1.481212
v 0.158609 -0.399731 1.491223
v 0.173756 -0.434046 1.481212
v 0.186437 -0.458507 1.453862
v 0.252500 -0.437343 1.421333
v 0.250262 -0.427032 1.383972
v 0.238576 -0.402081 1.356621
v 0.220573 -0.369174 1.346610
v 0.201076 -0.337129 1.356621
v 0.185310 -0.314532 1.383972
v 0.177500 -0.307439 1.421333
v 0.179738 -0.317750 1.458695
v 0.191424 -0.342701 1.486046
v 0.209427 -0.375608 1.496057
v 0.228924 -0.407653 1.486046
v 0.244690 -0.430250 1.458695
v 0.307425 -0.400643 1.426167
v 0.303860 -0.390713 1.388805
v 0.289017 -0.367500 1.361454
v 0.266873 -0.337225 1.351443
v 0.243360 -0.307999 1.361454
v 0.224780 -0.287653 1.388805
v 0.216110 -0.281640 1.426167
v 0.219675 -0.291571 1.463528
v 0.234518 -0.314784 1.490879
v 0.256662 -0.345059 1.500890
v 0.280175 -0.374285 1.490879
v 0.298755 -0.394630 1.463528
v 0.357089 -0.357089 1.431000
v 0.352259 -0.347709 1.393638
v 0.334513 -0.326632 1.366288
v 0.308606 -0.299506 1.356277
v 0.281480 -0.273599 1.366288
v 0.260403 -0.255853 1.393638
v 0.251023 -0.251023 1.431000
v 0.255853 -0.260403 1.468362
v 0.273599 -0.281480 1.495712
v 0.299506 -0.308606 1.505723
v 0.326632 -0.334513 1.495712
v 0.347709 -0.352259 1.468362
v 0.400643 -0.307425 1.435833
v 0.394630 -0.298755 1.398472
v 0.374285 -0.280175 1.371121
v 0.345059 -0.256662 1.361110
v 0.314784 -0.234518 1.371121
v 0.291571 -0.219675 1.398472
v 0.281640 -0.216110 1.435833
v 0.287653 -0.224780 1.473195
v 0.307999 -0.243360 1.500546
v 0.337225 -0.266873 1.510557
v 0.367500 -0.289017 1.500546
v 0.390713 -0.303860 1.473195
v 0.437343 -0.252500 1.440667
v 0.430250 -0.244690 1.403305
v 0.407653 -0.228924 1.375954
v 0.375608 -0.209427 1.365943
v 0.342701 -0.191424 1.375954
v 0.317750 -0.179738 1.403305
v 0.307439 -0.177500 1.440667
v 0.314532 -0.185310 1.478028
v 0.337129 -0.201076 1.505379
v 0.369174 -0.220573 1.515390
v 0.402081 -0.238576 1.505379
v 0.427032 -0.250262 1.478028
v 0.466559 -0.193255 1.445500
v 0.458507 -0.186437 1.408138
v 0.434046 -0.173756 1.380788
v 0.399731 -0.158609 1.370777
v 0.364755 -0.145055 1.380788
v 0.338492 -0.136725 1.408138
v 0.327977 -0.135853 1.445500
v 0.336029 -0.142670 1.482862
v 0.360490 -0.155352 1.510212
v 0.394806 -0.170499 1.520223
v 0.429781 -0.184053 1.510212
v 0.456045 -0.192382 1.482862
v 0.487793 -0.130704 1.450333
v 0.478920 -0.124995 1.412972
v 0.453013 -0.115615 1.385621
v 0.417014 -0.105077 1.375610
v 0.380568 -0.096204 1.385621
v 0.353442 -0.091374 1.412972
v 0.342904 -0.091881 1.450333
v 0.351777 -0.097589 1.487695
v 0.377684 -0.106969 1.515046
v 0.413683 -0.117508 1.525057
v 0.450128 -0.126381 1.515046
v 0.477254 -0.131211 1.487695
v 0.500680 -0.065916 1.455167
v 0.491137 -0.061414 1.417805
v 0.464228 -0.055496 1.390454
v 0.427161 -0.049746 1.380443
v 0.389869 -0.045706 1.390454
v 0.362345 -0.044458 1.417805
v 0.351963 -0.046337 1.455167
v 0.361505 -0.050838 1.492528
v 0.388415 -0.056757 1.519879
v 0.425481 -0.062506 1.529890
v 0.462773 -0.066546 1.519879
v 0.490298 -0.067794 1.492528
v 0.504839 -0.004905 1.460000
v 0.495023 -0.001044 1.422638
v 0.467783 0.003096 1.395287
v 0.430420 0.006407 1.385275
v 0.392944 0.008002 1.395287
v 0.365397 0.007452 1.422638
v 0.355161 0.004905 1.460000
v 0.364977 0.001044 1.497362
v 0.392217 -0.003096 1.524713
v 0.429580 -0.006407 1.534725
v 0.467056 -0.008002 1.524713
v 0.494603 -0.007452 1.497362
f 65 66 78 77
f 66 67 79 78
f 67 68 80 79
f 68 69 81 80
f 69 70 82 81
f 70 71 83 82
f 71 72 84 83
f 72 73 85 84
f 73 74 86 85
f 74 75 87 86
f 75 76 88 87
f 76 65 77 88
f 77 78 90 89
f 78 79 91 90
f 79 80 92 91
f 80 81 93 92
f 81 82 94 93
f 82 83 95 94
f 83 84 96 95
f 84 85 97 96
f 85 86 98 97
f 86 87 99 98
f 87 88 100 99
f 88 77 89 100
f 89 90 102 101
f 90 91 103 102
f 91 92 104 103
f 92 93 105 104
f 93 94 106 105
f 94 95 107 106
f 95 96 108 107
f 96 97 109 108
f 97 98 110 109
f 98 99 111 110
f 99 100 112 111
f 100 89 101 112
f 101 102 114 113
f 102 103 115 114
f 103 104 116 115
f 104 105 117 116
f 105 106 118 117
f 106 107 119 118
f 107 108 120 119
f 108 109 121 120
f 109 110 122 121
f 110 111 123 122
f 111 112 124 123
f 112 101 113 124
f 113 114 126 125
f 114 115 127 126
f 115 116 128 127
f 116 117 129 128
f 117 118 130 129
f 118 119 131 130
f 119 120 132 131
f 120 121 133 132
f 121 122 134 133
f 122 123 135 134
f 123 124 136 135
f 124 113 125 136
f 125 126 138 137
f 126 127 139 138
f 127 128 140 139
f 128 129 141 140
f 129 130 142 141
f 130 131 143 142
f 131 132 144 143
f 132 133 145 144
f 133 134 146 145
f 134 135 147 146
f 135 136 148 147
f 136 125 137 148
f 137 138 150 149
f 138 139 151 150
f 139 140 152 151
f 140 141 153 152
f 141 142 154 153
f 142 143 155 154
f 143 144 156 155
f 144 145 157 156
f 145 146 158 157
f 146 147 159 158
f 147 148 160 159
f 148 137 149 160
f 149 150 162 161
f 150 151 163 162
f 151 152 164 163
f 152 153 165 164
f 153 154 166 165
f 154 155 167 166
f 155 156 168 167
f 156 157 169 168
f 157 158 170 169
f 158 159 171 170
f 159 160 172 171
f 160 149 161 172
f 161 162 174 173
f 162 163 175 174
f 163 164 176 175
f 164 165 177 176
f 165 166 178 177
f 166 167 179 178
f 167 168 180 179
f 168 169 181 180
f 169 170 182 181
f 170 171 183 182
f 171 172 184 183
f 172 161 173 184
f 173 174 186 185
f 174 175 187 186
f 175 176 188 187
f 176 177 189 188
f 177 178 190 189
f 178 179 191 190
f 179 180 192 191
f 180 181 193 192
f 181 182 194 193
f 182 183 195 194
f 183 184 196 195
f 184 173 185 196
f 185 186 198 197
f 186 187 199 198
f 187 188 200 199
f 188 189 201 200
f 189 190 202 201
f 190 191 203 202
f 191 192 204 203
f 192 193 205 204
f 193 194 206 205
f 194 195 207 206
f 195 196 208 207
f 196 185 197 208
f 197 198 210 209
f 198 199 211 210
f 199 200 212 211
f 200 201 213 212
f 201 202 214 213
f 202 203 215 214
f 203 204 216 215
f 204 205 217 216
f 205 206 218 217
f 206 207 219 218
f 207 208 220 219
f 208 197 209 220
f 209 210 222 221
f 210 211 223 222
f 211 212 224 223
f 212 213 225 224
f 213 214 226 225
f 214 215 227 226
f 215 216 228 227
f 216 217 229 228
f 217 218 230 229
f 218 219 231 230
f 219 220 232 231
f 220 209 221 232
f 221 222 234 233
f 222 223 235 234
f 223 224 236 235
f 224 225 237 236
f 225 226 238 237
f 226 227 239 238
f 227 228 240 239
f 228 229 241 240
f 229 230 242 241
f 230 231 243 242
f 231 232 244 243
f 232 221 233 244
f 233 234 246 245
f 234 235 247 246
f 235 236 248 247
f 236 237 249 248
f 237 238 250 249
f 238 239 251 250
f 239 240 252 251
f 240 241 253 252
f 241 242 254 253
f 242 243 255 254
f 243 244 256 255
f 244 233 245 256
f 245 246 258 257
f 246 247 259 258
f 247 248 260 259
f 248 249 261 260
f 249 250 262 261
f 250 251 263 262
f 251 252 264 263
f 252 253 265 264
f 253 254 266 265
f 254 255 267 266
f 255 256 268 267
f 256 245 257 268
f 257 258 270 269
f 258 259 271 270
f 259 260 272 271
f 260 261 273 272
f 261 262 274 273
f 262 263 275 274
f 263 264 276 275
f 264 265 277 276
f 265 266 278 277
f 266 267 279 278
f 267 268 280 279
f 268 257 269 280
f 269 270 282 281
f 270 271 283 282
f 271 272 284 283
f 272 273 285 284
f 273 274 286 285
f 274 275 287 286
f 275 276 288 287
f 276 277 289 288
f 277 278 290 289
f 278 279 291 290
f 279 280 292 291
f 280 269 281 292
f 281 282 294 293
f 282 283 295 294
f 283 284 296 295
f 284 285 297 296
f 285 286 298 297
f 286 287 299 298
f 287 288 300 299
f 288 289 301 300
f 289 290 302 301
f 290 291 303 302
f 291 292 304 303
f 292 281 293 304
f 293 294 306 305
f 294 295 307 306
f 295 296 308 307
f 296 297 309 308
f 297 298 310 309
f 298 299 311 310
f 299 300 312 311
f 300 301 313 312
f 301 302 314 313
f 302 303 315 314
f 303 304 316 315
f 304 293 305 316
f 305 306 318 317
f 306 307 319 318
f 307 308 320 319
f 308 309 321 320
f 309 310 322 321
f 310 311 323 322
f 311 312 324 323
f 312 313 325 324
f 313 314 326 325
f 314 315 327 326
f 315 316 328 327
f 316 305 317 328
f 317 318 330 329
f 318 319 331 330
f 319 320 332 331
f 320 321 333 332
f 321 322 334 333
f 322 323 335 334
f 323 324 336 335
f 324 325 337 336
f 325 326 338 337
f 326 327 339 338
f 327 328 340 339
f 328 317 329 340
f 329 330 342 341
f 330 331 343 342
f 331 332 344 343
f 332 333 345 344
f 333 334 346 345
f 334 335 347 346
f 335 336 348 347
f 336 337 349 348
f 337 338 350 349
f 338 339 351 350
f 339 340 352 351
f 340 329 341 352
f 341 342 354 353
f 342 343 355 354
f 343 344 356 355
f 344 345 357 356
f 345 346 358 357
f 346 347 359 358
f 347 348 360 359
f 348 349 361 360
f 349 350 362 361
f 350 351 363 362
f 351 352 364 363
f 352 341 353 364
f 353 354 366 365
f 354 355 367 366
f 355 356 368 367
f 356 357 369 368
f 357 358 370 369
f 358 359 371 370
f 359 360 372 371
f 360 361 373 372
f 361 362 374 373
f 362 363 375 374
f 363 364 376 375
f 364 353 365 376
f 365 366 378 377
f 366 367 379 378
f 367 368 380 379
f 368 369 381 380
f 369 370 382 381
f 370 371 383 382
f 371 372 384 383
f 372 373 385 384
f 373 374 386 385
f 374 375 387 386
f 375 376 388 387
f 376 365 377 388
f 377 378 390 389
f 378 379 391 390
f 379 380 392 391
f 380 381 393 392
f 381 382 394 393
f 382 383 395 394
f 383 384 396 395
f 384 385 397 396
f 385 386 398 397
f 386 387 399 398
f 387 388 400 399
f 388 377 389 400
f 389 390 402 401
f 390 391 403 402
f 391 392 404 403
f 392 393 405 404
f 393 394 406 405
f 394 395 407 406
f 395 396 408 407
f 396 397 409 408
f 397 398 410 409
f 398 399 411 410
f 399 400 412 411
f 400 389 401 412
f 401 402 414 413
f 402 403 415 414
f 403 404 416 415
f 404 405 417 416
f 405 406 418 417
f 406 407 419 418
f 407 408 420 419
f 408 409 421 420
f 409 410 422 421
f 410 411 423 422
f 411 412 424 423
f 412 401 413 424
f 413 414 426 425
f 414 415 427 426
f 415 416 428 427
f 416 417 429 428
f 417 418 430 429
f 418 419 431 430
f 419 420 432 431
f 420 421 433 432
f 421 422 434 433
f 422 423 435 434
f 423 424 436 435
f 424 413 425 436
f 425 426 438 437
f 426 427 439 438
f 427 428 440 439
f 428 429 441 440
f 429 430 442 441
f 430 431 443 442
f 431 432 444 443
f 432 433 445 444
f 433 434 446 445
f 434 435 447 446
f 435 436 448 447
f 436 425 437 448
f 437 438 450 449
f 438 439 451 450
f 439 440 452 451
f 440 441 453 452
f 441 442 454 453
f 442 443 455 454
f 443 444 456 455
f 444 445 457 456
f 445 446 458 457
f 446 447 459 458
f 447 448 460 459
f 448 437 449 460
f 449 450 462 461
f 450 451 463 462
f 451 452 464 463
f 452 453 465 464
f 453 454 466 465
f 454 455 467 466
f 455 456 468 467
f 456 457 469 468
f 457 458 470 469
f 458 459 471 470
f 459 460 472 471
f 460 449 461 472
f 461 462 474 473
f 462 463 475 474
f 463 464 476 475
f 464 465 477 476
f 465 466 478 477
f 466 467 479 478
f 467 468 480 479
f 468 469 481 480
f 469 470 482 481
f 470 471 483 482
f 471 472 484 483
f 472 461 473 484
f 473 474 486 485
f 474 475 487 486
f 475 476 488 487
f 476 477 489 488
f 477 478 490 489
f 478 479 491 490
f 479 480 492 491
f 480 481 493 492
f 481 482 494 493
f 482 483 495 494
f 483 484 496 495
f 484 473 485 496
f 485 486 498 497
f 486 487 499 498
f 487 488 500 499
f 488 489 501 500
f 489 490 502 501
f 490 491 503 502
f 491 492 504 503
f 492 493 505 504
f 493 494 506 505
f 494 495 507 506
f 495 496 508 507
f 496 485 497 508
f 497 498 510 509
f 498 499 511 510
f 499 500 512 511
f 500 501 513 512
f 501 502 514 513
f 502 503 515 514
f 503 504 516 515
f 504 505 517 516
f 505 506 518 517
f 506 507 519 518
f 507 508 520 519
f 508 497 509 520
f 509 510 522 521
f 510 511 523 522
f 511 512 524 523
f 512 513 525 524
f 513 514 526 525
f 514 515 527 526
f 515 516 528 527
f 516 517 529 528
f 517 518 530 529
f 518 519 531 530
f 519 520 532 531
f 520 509 521 532
f 521 522 534 533
f 522 523 535 534
f 523 524 536 535
f 524 525 537 536
f 525 526 538 537
f 526 527 539 538
f 527 528 540 539
f 528 529 541 540
f 529 530 542 541
f 530 531 543 542
f 531 532 544 543
f 532 521 533 544
f 533 534 546 545
f 534 535 547 546
f 535 536 548 547
f 536 537 549 548
f 537 538 550 549
f 538 539 551 550
f 539 540 552 551
f 540 541 553 552
f 541 542 554 553
f 542 543 555 554
f 543 544 556 555
f 544 533 545 556
f 545 546 558 557
f 546 547 559 558
f 547 548 560 559
f 548 549 561 560
f 549 550 562 561
f 550 551 563 562
f 551 552 564 563
f 552 553 565 564
f 553 554 566 565
f 554 555 567 566
f 555 556 568 567
f 556 545 557 568
f 557 558 570 569
f 558 559 571 570
f 559 560 572 571
f 560 561 573 572
f 561 562 574 573
f 562 563 575 574
f 563 564 576 575
f 564 565 577 576
f 565 566 578 577
f 566 567 579 578
f 567 568 580 579
f 568 557 569 580
f 569 570 582 581
f 570 571 583 582
f 571 572 584 583
f 572 573 585 584
f 573 574 586 585
f 574 575 587 586
f 575 576 588 587
f 576 577 589 588
f 577 578 590 589
f 578 579 591 590
f 579 580 592 591
f 580 569 581 592
f 581 582 594 593
f 582 583 595 594
f 583 584 596 595
f 584 585 597 596
f 585 586 598 597
f 586 587 599 598
f 587 588 600 599
f 588 589 601 600
f 589 590 602 601
f 590 591 603 602
f 591 592 604 603
f 592 581 593 604
f 593 594 606 605
f 594 595 607 606
f 595 596 608 607
f 596 597 609 608
f 597 598 610 609
f 598 599 611 610
f 599 600 612 611
f 600 601 613 612
f 601 602 614 613
f 602 603 615 614
f 603 604 616 615
f 604 593 605 616
f 605 606 618 617
f 606 607 619 618
f 607 608 620 619
f 608 609 621 620
f 609 610 622 621
f 610 611 623 622
f 611 612 624 623
f 612 613 625 624
f 613 614 626 625
f 614 615 627 626
f 615 616 628 627
f 616 605 617 628
f 617 618 630 629
f 618 619 631 630
f 619 620 632 631
f 620 621 633 632
f 621 622 634 633
f 622 623 635 634
f 623 624 636 635
f 624 625 637 636
f 625 626 638 637
f 626 627 639 638
f 627 628 640 639
f 628 617 629 640
f 629 630 642 641
f 630 631 643 642
f 631 632 644 643
f 632 633 645 644
f 633 634 646 645
f 634 635 647 646
f 635 636 648 647
f 636 637 649 648
f 637 638 650 649
f 638 639 651 650
f 639 640 652 651
f 640 629 641 652
f 641 642 654 653
f 642 643 655 654
f 643 644 656 655
f 644 645 657 656
f 645 646 658 657
f 646 647 659 658
f 647 648 660 659
f 648 649 661 660
f 649 650 662 661
f 650 651 663 662
f 651 652 664 663
f 652 641 653 664
f 653 654 666 665
f 654 655 667 666
f 655 656 668 667
f 656 657 669 668
f 657 658 670 669
f 658 659 671 670
f 659 660 672 671
f 660 661 673 672
f 661 662 674 673
f 662 663 675 674
f 663 664 676 675
f 664 653 665 676
f 665 666 678 677
f 666 667 679 678
f 667 668 680 679
f 668 669 681 680
f 669 670 682 681
f 670 671 683 682
f 671 672 684 683
f 672 673 685 684
f 673 674 686 685
f 674 675 687 686
f 675 676 688 687
f 676 665 677 688
f 677 678 690 689
f 678 679 691 690
f 679 680 692 691
f 680 681 693 692
f 681 682 694 693
f 682 683 695 694
f 683 684 696 695
f 684 685 697 696
f 685 686 698 697
f 686 687 699 698
f 687 688 700 699
f 688 677 689 700
f 689 690 702 701
f 690 691 703 702
f 691 692 704 703
f 692 693 705 704
f 693 694 706 705
f 694 695 707 706
f 695 696 708 707
f 696 697 709 708
f 697 698 710 709
f 698 699 711 710
f 699 700 712 711
f 700 689 701 712
f 701 702 714 713
f 702 703 715 714
f 703 704 716 715
f 704 705 717 716
f 705 706 718 717
f 706 707 719 718
f 707 708 720 719
f 708 709 721 720
f 709 710 722 721
f 710 711 723 722
f 711 712 724 723
f 712 701 713 724
f 713 714 726 725
f 714 715 727 726
f 715 716 728 727
f 716 717 729 728
f 717 718 730 729
f 718 719 731 730
f 719 720 732 731
f 720 721 733 732
f 721 722 734 733
f 722 723 735 734
f 723 724 736 735
f 724 713 725 736
f 725 726 738 737
f 726 727 739 738
f 727 728 740 739
f 728 729 741 740
f 729 730 742 741
f 730 731 743 742
f 731 732 744 743
f 732 733 745 744
f 733 734 746 745
f 734 735 747 746
f 735 736 748 747
f 736 725 737 748
f 737 738 750 749
f 738 739 751 750
f 739 740 752 751
f 740 741 753 752
f 741 742 754 753
f 742 743 755 754
f 743 744 756 755
f 744 745 757 756
f 745 746 758 757
f 746 747 759 758
f 747 748 760 759
f 748 737 749 760
f 749 750 762 761
f 750 751 763 762
f 751 752 764 763
f 752 753 765 764
f 753 754 766 765
f 754 755 767 766
f 755 756 768 767
f 756 757 769 768
f 757 758 770 769
f 758 759 771 770
f 759 760 772 771
f 760 749 761 772
f 761 762 774 773
f 762 763 775 774
f 763 764 776 775
f 764 765 777 776
f 765 766 778 777
f 766 767 779 778
f 767 768 780 779
f 768 769 781 780
f 769 770 782 781
f 770 771 783 782
f 771 772 784 783
f 772 761 773 784
f 773 774 786 785
f 774 775 787 786
f 775 776 788 787
f 776 777 789 788
f 777 778 790 789
f 778 779 791 790
f 779 780 792 791
f 780 781 793 792
f 781 782 794 793
f 782 783 795 794
f 783 784 796 795
f 784 773 785 796
f 785 786 798 797
f 786 787 799 798
f 787 788 800 799
f 788 789 801 800
f 789 790 802 801
f 790 791 803 802
f 791 792 804 803
f 792 793 805 804
f 793 794 806 805
f 794 795 807 806
f 795 796 808 807
f 796 785 797 808
f 797 798 810 809
f 798 799 811 810
f 799 800 812 811
f 800 801 813 812
f 801 802 814 813
f 802 803 815 814
f 803 804 816 815
f 804 805 817 816
f 805 806 818 817
f 806 807 819 818
f 807 808 820 819
f 808 797 809 820
f 809 810 822 821
f 810 811 823 822
f 811 812 824 823
f 812 813 825 824
f 813 814 826 825
f 814 815 827 826
f 815 816 828 827
f 816 817 829 828
f 817 818 830 829
f 818 819 831 830
f 819 820 832 831
f 820 809 821 832
f 821 822 834 833
f 822 823 835 834
f 823 824 836 835
f 824 825 837 836
f 825 826 838 837
f 826 827 839 838
f 827 828 840 839
f 828 829 841 840
f 829 830 842 841
f 830 831 843 842
f 831 832 844 843
f 832 821 833 844
f 833 834 846 845
f 834 835 847 846
f 835 836 848 847
f 836 837 849 848
f 837 838 850 849
f 838 839 851 850
f 839 840 852 851
f 840 841 853 852
f 841 842 854 853
f 842 843 855 854
f 843 844 856 855
f 844 833 845 856
f 845 846 858 857
f 846 847 859 858
f 847 848 860 859
f 848 849 861 860
f 849 850 862 861
f 850 851 863 862
f 851 852 864 863
f 852 853 865 864
f 853 854 866 865
f 854 855 867 866
f 855 856 868 867
f 856 845 857 868
f 857 858 870 869
f 858 859 871 870
f 859 860 872 871
f 860 861 873 872
f 861 862 874 873
f 862 863 875 874
f 863 864 876 875
f 864 865 877 876
f 865 866 878 877
f 866 867 879 878
f 867 868 880 879
f 868 857 869 880
f 869 870 882 881
f 870 871 883 882
f 871 872 884 883
f 872 873 885 884
f 873 874 886 885
f 874 875 887 886
f 875 876 888 887
f 876 877 889 888
f 877 878 890 889
f 878 879 891 890
f 879 880 892 891
f 880 869 881 892
f 881 882 894 893
f 882 883 895 894
f 883 884 896 895
f 884 885 897 896
f 885 886 898 897
f 886 887 899 898
f 887 888 900 899
f 888 889 901 900
f 889 890 902 901
f 890 891 903 902
f 891 892 904 903
f 892 881 893 904
f 893 894 906 905
f 894 895 907 906
f 895 896 908 907
f 896 897 909 908
f 897 898 910 909
f 898 899 911 910
f 899 900 912 911
f 900 901 913 912
f 901 902 914 913
f 902 903 915 914
f 903 904 916 915
f 904 893 905 916
f 905 906 918 917
f 906 907 919 918
f 907 908 920 919
f 908 909 921 920
f 909 910 922 921
f 910 911 923 922
f 911 912 924 923
f 912 913 925 924
f 913 914 926 925
f 914 915 927 926
f 915 916 928 927
f 916 905 917 928
f 917 918 930 929
f 918 919 931 930
f 919 920 932 931
f 920 921 933 932
f 921 922 934 933
f 922 923 935 934
f 923 924 936 935
f 924 925 937 936
f 925 926 938 937
f 926 927 939 938
f 927 928 940 939
f 928 917 929 940
f 929 930 942 941
f 930 931 943 942
f 931 932 944 943
f 932 933 945 944
f 933 934 946 945
f 934 935 947 946
f 935 936 948 947
f 936 937 949 948
f 937 938 950 949
f 938 939 951 950
f 939 940 952 951
f 940 929 941 952
f 941 942 954 953
f 942 943 955 954
f 943 944 956 955
f 944 945 957 956
f 945 946 958 957
f 946 947 959 958
f 947 948 960 959
f 948 949 961 960
f 949 950 962 961
f 950 951 963 962
f 951 952 964 963
f 952 941 953 964
f 953 954 966 965
f 954 955 967 966
f 955 956 968 967
f 956 957 969 968
f 957 958 970 969
f 958 959 971 970
f 959 960 972 971
f 960 961 973 972
f 961 962 974 973
f 962 963 975 974
f 963 964 976 975
f 964 953 965 976
f 965 966 978 977
f 966 967 979 978
f 967 968 980 979
f 968 969 981 980
f 969 970 982 981
f 970 971 983 982
f 971 972 984 983
f 972 973 985 984
f 973 974 986 985
f 974 975 987 986
f 975 976 988 987
f 976 965 977 988
f 977 978 990 989
f 978 979 991 990
f 979 980 992 991
f 980 981 993 992
f 981 982 994 993
f 982 983 995 994
f 983 984 996 995
f 984 985 997 996
f 985 986 998 997
f 986 987 999 998
f 987 988 1000 999
f 988 977 989 1000
f 989 990 1002 1001
f 990 991 1003 1002
f 991 992 1004 1003
f 992 993 1005 1004
f 993 994 1006 1005
f 994 995 1007 1006
f 995 996 1008 1007
f 996 997 1009 1008
f 997 998 1010 1009
f 998 999 1011 1010
f 999 1000 1012 1011
f 1000 989 1001 1012
f 1001 1002 1014 1013
f 1002 1003 1015 1014
f 1003 1004 1016 1015
f 1004 1005 1017 1016
f 1005 1006 1018 1017
f 1006 1007 1019 1018
f 1007 1008 1020 1019
f 1008 1009 1021 1020
f 1009 1010 1022 1021
f 1010 1011 1023 1022
f 1011 1012 1024 1023
f 1012 1001 1013 1024
f 1013 1014 1026 1025
f 1014 1015 1027 1026
f 1015 1016 1028 1027
f 1016 1017 1029 1028
f 1017 1018 1030 1029
f 1018 1019 1031 1030
f 1019 1020 1032 1031
f 1020 1021 1033 1032
f 1021 1022 1034 1033
f 1022 1023 1035 1034
f 1023 1024 1036 1035
f 1024 1013 1025 1036
f 1025 1026 1038 1037
f 1026 1027 1039 1038
f 1027 1028 1040 1039
f 1028 1029 1041 1040
f 1029 1030 1042 1041
f 1030 1031 1043 1042
f 1031 1032 1044 1043
f 1032 1033 1045 1044
f 1033 1034 1046 1045
f 1034 1035 1047 1046
f 1035 1036 1048 1047
f 1036 1025 1037 1048
f 1037 1038 1050 1049
f 1038 1039 1051 1050
f 1039 1040 1052 1051
f 1040 1041 1053 1052
f 1041 1042 1054 1053
f 1042 1043 1055 1054
f 1043 1044 1056 1055
f 1044 1045 1057 1056
f 1045 1046 1058 1057
f 1046 1047 1059 1058
f 1047 1048 1060 1059
f 1048 1037 1049 1060
f 1049 1050 1062 1061
f 1050 1051 1063 1062
f 1051 1052 1064 1063
f 1052 1053 1065 1064
f 1053 1054 1066 1065
f 1054 1055 1067 1066
f 1055 1056 1068 1067
f 1056 1057 1069 1068
f 1057 1058 1070 1069
f 1058 1059 1071 1070
f 1059 1060 1072 1071
f 1060 1049 1061 1072
f 1061 1062 1074 1073
f 1062 1063 1075 1074
f 1063 1064 1076 1075
f 1064 1065 1077 1076
f 1065 1066 1078 1077
f 1066 1067 1079 1078
f 1067 1068 1080 1079
f 1068 1069 1081 1080
f 1069 1070 1082 1081
f 1070 1071 1083 1082
f 1071 1072 1084 1083
f 1072 1061 1073 1084
f 1073 1074 1086 1085
f 1074 1075 1087 1086
f 1075 1076 1088 1087
f 1076 1077 1089 1088
f 1077 1078 1090 1089
f 1078 1079 1091 1090
f 1079 1080 1092 1091
f 1080 1081 1093 1092
f 1081 1082 1094 1093
f 1082 1083 1095 1094
f 1083 1084 1096 1095
f 1084 1073 1085 1096
f 1085 1086 1098 1097
f 1086 1087 1099 1098
f 1087 1088 1100 1099
f 1088 1089 1101 1100
f 1089 1090 1102 1101
f 1090 1091 1103 1102
f 1091 1092 1104 1103
f 1092 1093 1105 1104
f 1093 1094 1106 1105
f 1094 1095 1107 1106
f 1095 1096 1108 1107
f 1096 1085 1097 1108
f 1097 1098 1110 1109
f 1098 1099 1111 1110
f 1099 1100 1112 1111
f 1100 1101 1113 1112
f 1101 1102 1114 1113
f 1102 1103 1115 1114
f 1103 1104 1116 1115
f 1104 1105 1117 1116
f 1105 1106 1118 1117
f 1106 1107 1119 1118
f 1107 1108 1120 1119
f 1108 1097 1109 1120
f 1109 1110 1122 1121
f 1110 1111 1123 1122
f 1111 1112 1124 1123
f 1112 1113 1125 1124
f 1113 1114 1126 1125
f 1114 1115 1127 1126
f 1115 1116 1128 1127
f 1116 1117 1129 1128
f 1117 1118 1130 1129
f 1118 1119 1131 1130
f 1119 1120 1132 1131
f 1120 1109 1121 1132
f 1121 1122 1134 1133
f 1122 1123 1135 1134
f 1123 1124 1136 1135
f 1124 1125 1137 1136
f 1125 1126 1138 1137
f 1126 1127 1139 1138
f 1127 1128 1140 1139
f 1128 1129 1141 1140
f 1129 1130 1142 1141
f 1130 1131 1143 1142
f 1131 1132 1144 1143
f 1132 1121 1133 1144
f 1133 1134 1146 1145
f 1134 1135 1147 1146
f 1135 1136 1148 1147
f 1136 1137 1149 1148
f 1137 1138 1150 1149
f 1138 1139 1151 1150
f 1139 1140 1152 1151
f 1140 1141 1153 1152
f 1141 1142 1154 1153
f 1142 1143 1155 1154
f 1143 1144 1156 1155
f 1144 1133 1145 1156
f 1145 1146 1158 1157
f 1146 1147 1159 1158
f 1147 1148 1160 1159
f 1148 1149 1161 1160
f 1149 1150 1162 1161
f 1150 1151 1163 1162
f 1151 1152 1164 1163
f 1152 1153 1165 1164
f 1153 1154 1166 1165
f 1154 1155 1167 1166
f 1155 1156 1168 1167
f 1156 1145 1157 1168
f 1157 1158 1170 1169
f 1158 1159 1171 1170
f 1159 1160 1172 1171
f 1160 1161 1173 1172
f 1161 1162 1174 1173
f 1162 1163 1175 1174
f 1163 1164 1176 1175
f 1164 1165 1177 1176
f 1165 1166 1178 1177
f 1166 1167 1179 1178
f 1167 1168 1180 1179
f 1168 1157 1169 1180
f 1169 1170 1182 1181
f 1170 1171 1183 1182
f 1171 1172 1184 1183
f 1172 1173 1185 1184
f 1173 1174 1186 1185
f 1174 1175 1187 1186
f 1175 1176 1188 1187
f 1176 1177 1189 1188
f 1177 1178 1190 1189
f 1178 1179 1191 1190
f 1179 1180 1192 1191
f 1180 1169 1181 1192
f 1181 1182 1194 1193
f 1182 1183 1195 1194
f 1183 1184 1196 1195
f 1184 1185 1197 1196
f 1185 1186 1198 1197
f 1186 1187 1199 1198
f 1187 1188 1200 1199
f 1188 1189 1201 1200
f 1189 1190 1202 1201
f 1190 1191 1203 1202
f 1191 1192 1204 1203
f 1192 1181 1193 1204
f 1193 1194 1206 1205
f 1194 1195 1207 1206
f 1195 1196 1208 1207
f 1196 1197 1209 1208
f 1197 1198 1210 1209
f 1198 1199 1211 1210
f 1199 1200 1212 1211
f 1200 1201 1213 1212
f 1201 1202 1214 1213
f 1202 1203 1215 1214
f 1203 1204 1216 1215
f 1204 1193 1205 1216
f 1205 1206 1218 1217
f 1206 1207 1219 1218
f 1207 1208 1220 1219
f 1208 1209 1221 1220
f 1209 1210 1222 1221
f 1210 1211 1223 1222
f 1211 1212 1224 1223
f 1212 1213 1225 1224
f 1213 1214 1226 1225
f 1214 1215 1227 1226
f 1215 1216 1228 1227
f 1216 1205 1217 1228
f 1217 1218 1230 1229
f 1218 1219 1231 1230
f 1219 1220 1232 1231
f 1220 1221 1233 1232
f 1221 1222 1234 1233
f 1222 1223 1235 1234
f 1223 1224 1236 1235
f 1224 1225 1237 1236
f 1225 1226 1238 1237
f 1226 1227 1239 1238
f 1227 1228 1240 1239
f 1228 1217 1229 1240
f 1229 1230 1242 1241
f 1230 1231 1243 1242
f 1231 1232 1244 1243
f 1232 1233 1245 1244
f 1233 1234 1246 1245
f 1234 1235 1247 1246
f 1235 1236 1248 1247
f 1236 1237 1249 1248
f 1237 1238 1250 1249
f 1238 1239 1251 1250
f 1239 1240 1252 1251
f 1240 1229 1241 1252
f 1241 1242 1254 1253
f 1242 1243 1255 1254
f 1243 1244 1256 1255
f 1244 1245 1257 1256
f 1245 1246 1258 1257
f 1246 1247 1259 1258
f 1247 1248 1260 1259
f 1248 1249 1261 1260
f 1249 1250 1262 1261
f 1250 1251 1263 1262
f 1251 1252 1264 1263
f 1252 1241 1253 1264
f 1253 1254 1266 1265
f 1254 1255 1267 1266
f 1255 1256 1268 1267
f 1256 1257 1269 1268
f 1257 1258 1270 1269
f 1258 1259 1271 1270
f 1259 1260 1272 1271
f 1260 1261 1273 1272
f 1261 1262 1274 1273
f 1262 1263 1275 1274
f 1263 1264 1276 1275
f 1264 1253 1265 1276
f 1265 1266 1278 1277
f 1266 1267 1279 1278
f 1267 1268 1280 1279
f 1268 1269 1281 1280
f 1269 1270 1282 1281
f 1270 1271 1283 1282
f 1271 1272 1284 1283
f 1272 1273 1285 1284
f 1273 1274 1286 1285
f 1274 1275 1287 1286
f 1275 1276 1288 1287
f 1276 1265 1277 1288
f 1277 1278 1290 1289
f 1278 1279 1291 1290
f 1279 1280 1292 1291
f 1280 1281 1293 1292
f 1281 1282 1294 1293
f 1282 1283 1295 1294
f 1283 1284 1296 1295
f 1284 1285 1297 1296
f 1285 1286 1298 1297
f 1286 1287 1299 1298
f 1287 1288 1300 1299
f 1288 1277 1289 1300
f 1289 1290 1302 1301
f 1290 1291 1303 1302
f 1291 1292 1304 1303
f 1292 1293 1305 1304
f 1293 1294 1306 1305
f 1294 1295 1307 1306
f 1295 1296 1308 1307
f 1296 1297 1309 1308
f 1297 1298 1310 1309
f 1298 1299 1311 1310
f 1299 1300 1312 1311
f 1300 1289 1301 1312
f 1301 1302 1314 1313
f 1302 1303 1315 1314
f 1303 1304 1316 1315
f 1304 1305 1317 1316
f 1305 1306 1318 1317
f 1306 1307 1319 1318
f 1307 1308 1320 1319
f 1308 1309 1321 1320
f 1309 1310 1322 1321
f 1310 1311 1323 1322
f 1311 1312 1324 1323
f 1312 1301 1313 1324
f 1313 1314 1326 1325
f 1314 1315 1327 1326
f 1315 1316 1328 1327
f 1316 1317 1329 1328
f 1317 1318 1330 1329
f 1318 1319 1331 1330
f 1319 1320 1332 1331
f 1320 1321 1333 1332
f 1321 1322 1334 1333
f 1322 1323 1335 1334
f 1323 1324 1336 1335
f 1324 1313 1325 1336
f 1325 1326 1338 1337
f 1326 1327 1339 1338
f 1327 1328 1340 1339
f 1328 1329 1341 1340
f 1329 1330 1342 1341
f 1330 1331 1343 1342
f 1331 1332 1344 1343
f 1332 1333 1345 1344
f 1333 1334 1346 1345
f 1334 1335 1347 1346
f 1335 1336 1348 1347
f 1336 1325 1337 1348
f 1337 1338 1350 1349
f 1338 1339 1351 1350
f 1339 1340 1352 1351
f 1340 1341 1353 1352
f 1341 1342 1354 1353
f 1342 1343 1355 1354
f 1343 1344 1356 1355
f 1344 1345 1357 1356
f 1345 1346 1358 1357
f 1346 1347 1359 1358
f 1347 1348 1360 1359
f 1348 1337 1349 1360
f 1349 1350 1362 1361
f 1350 1351 1363 1362
f 1351 1352 1364 1363
f 1352 1353 1365 1364
f 1353 1354 1366 1365
f 1354 1355 1367 1366
f 1355 1356 1368 1367
f 1356 1357 1369 1368
f 1357 1358 1370 1369
f 1358 1359 1371 1370
f 1359 1360 1372 1371
f 1360 1349 1361 1372
f 1361 1362 1374 1373
f 1362 1363 1375 1374
f 1363 1364 1376 1375
f 1364 1365 1377 1376
f 1365 1366 1378 1377
f 1366 1367 1379 1378
f 1367 1368 1380 1379
f 1368 1369 1381 1380
f 1369 1370 1382 1381
f 1370 1371 1383 1382
f 1371 1372 1384 1383
f 1372 1361 1373 1384
f 1373 1374 1386 1385
f 1374 1375 1387 1386
f 1375 1376 1388 1387
f 1376 1377 1389 1388
f 1377 1378 1390 1389
f 1378 1379 1391 1390
f 1379 1380 1392 1391
f 1380 1381 1393 1392
f 1381 1382 1394 1393
f 1382 1383 1395 1394
f 1383 1384 1396 1395
f 1384 1373 1385 1396
f 1385 1386 1398 1397
f 1386 1387 1399 1398
f 1387 1388 1400 1399
f 1388 1389 1401 1400
f 1389 1390 1402 1401
f 1390 1391 1403 1402
f 1391 1392 1404 1403
f 1392 1393 1405 1404
f 1393 1394 1406 1405
f 1394 1395 1407 1406
f 1395 1396 1408 1407
f 1396 1385 1397 1408
f 1397 1398 1410 1409
f 1398 1399 1411 1410
f 1399 1400 1412 1411
f 1400 1401 1413 1412
f 1401 1402 1414 1413
f 1402 1403 1415 1414
f 1403 1404 1416 1415
f 1404 1405 1417 1416
f 1405 1406 1418 1417
f 1406 1407 1419 1418
f 1407 1408 1420 1419
f 1408 1397 1409 1420
f 1409 1410 1422 1421
f 1410 1411 1423 1422
f 1411 1412 1424 1423
f 1412 1413 1425 1424
f 1413 1414 1426 1425
f 1414 1415 1427 1426
f 1415 1416 1428 1427
f 1416 1417 1429 1428
f 1417 1418 1430 1429
f 1418 1419 1431 1430
f 1419 1420 1432 1431
f 1420 1409 1421 1432
f 1421 1422 1434 1433
f 1422 1423 1435 1434
f 1423 1424 1436 1435
f 1424 1425 1437 1436
f 1425 1426 1438 1437
f 1426 1427 1439 1438
f 1427 1428 1440 1439
f 1428 1429 1441 1440
f 1429 1430 1442 1441
f 1430 1431 1443 1442
f 1431 1432 1444 1443
f 1432 1421 1433 1444
f 1433 1434 1446 1445
f 1434 1435 1447 1446
f 1435 1436 1448 1447
f 1436 1437 1449 1448
f 1437 1438 1450 1449
f 1438 1439 1451 1450
f 1439 1440 1452 1451
f 1440 1441 1453 1452
f 1441 1442 1454 1453
f 1442 1443 1455 1454
f 1443 1444 1456 1455
f 1444 1433 1445 1456
f 1445 1446 1458 1457
f 1446 1447 1459 1458
f 1447 1448 1460 1459
f 1448 1449 1461 1460
f 1449 1450 1462 1461
f 1450 1451 1463 1462
f 1451 1452 1464 1463
f 1452 1453 1465 1464
f 1453 1454 1466 1465
f 1454 1455 1467 1466
f 1455 1456 1468 1467
f 1456 1445 1457 1468
f 1457 1458 1470 1469
f 1458 1459 1471 1470
f 1459 1460 1472 1471
f 1460 1461 1473 1472
f 1461 1462 1474 1473
f 1462 1463 1475 1474
f 1463 1464 1476 1475
f 1464 1465 1477 1476
f 1465 1466 1478 1477
f 1466 1467 1479 1478
f 1467 1468 1480 1479
f 1468 1457 1469 1480
f 1469 1470 1482 1481
f 1470 1471 1483 1482
f 1471 1472 1484 1483
f 1472 1473 1485 1484
f 1473 1474 1486 1485
f 1474 1475 1487 1486
f 1475 1476 1488 1487
f 1476 1477 1489 1488
f 1477 1478 1490 1489
f 1478 1479 1491 1490
f 1479 1480 1492 1491
f 1480 1469 1481 1492
f 1481 1482 1494 1493
f 1482 1483 1495 1494
f 1483 1484 1496 1495
f 1484 1485 1497 1496
f 1485 1486 1498 1497
f 1486 1487 1499 1498
f 1487 1488 1500 1499
f 1488 1489 1501 1500
f 1489 1490 1502 1501
f 1490 1491 1503 1502
f 1491 1492 1504 1503
f 1492 1481 1493 1504
f 1493 1494 1506 1505
f 1494 1495 1507 1506
f 1495 1496 1508 1507
f 1496 1497 1509 1508
f 1497 1498 1510 1509
f 1498 1499 1511 1510
f 1499 1500 1512 1511
f 1500 1501 1513 1512
f 1501 1502 1514 1513
f 1502 1503 1515 1514
f 1503 1504 1516 1515
f 1504 1493 1505 1516
f 1505 1506 1518 1517
f 1506 1507 1519 1518
f 1507 1508 1520 1519
f 1508 1509 1521 1520
f 1509 1510 1522 1521
f 1510 1511 1523 1522
f 1511 1512 1524 1523
f 1512 1513 1525 1524
f 1513 1514 1526 1525
f 1514 1515 1527 1526
f 1515 1516 1528 1527
f 1516 1505 1517 1528
f 1517 1518 1530 1529
f 1518 1519 1531 1530
f 1519 1520 1532 1531
f 1520 1521 1533 1532
f 1521 1522 1534 1533
f 1522 1523 1535 1534
f 1523 1524 1536 1535
f 1524 1525 1537 1536
f 1525 1526 1538 1537
f 1526 1527 1539 1538
f 1527 1528 1540 1539
f 1528 1517 1529 1540
f 1529 1530 1542 1541
f 1530 1531 1543 1542
f 1531 1532 1544 1543
f 1532 1533 1545 1544
f 1533 1534 1546 1545
f 1534 1535 1547 1546
f 1535 1536 1548 1547
f 1536 1537 1549 1548
f 1537 1538 1550 1549
f 1538 1539 1551 1550
f 1539 1540 1552 1551
f 1540 1529 1541 1552
f 1541 1542 1554 1553
f 1542 1543 1555 1554
f 1543 1544 1556 1555
f 1544 1545 1557 1556
f 1545 1546 1558 1557
f 1546 1547 1559 1558
f 1547 1548 1560 1559
f 1548 1549 1561 1560
f 1549 1550 1562 1561
f 1550 1551 1563 1562
f 1551 1552 1564 1563
f 1552 1541 1553 1564
f 1553 1554 1566 1565
f 1554 1555 1567 1566
f 1555 1556 1568 1567
f 1556 1557 1569 1568
f 1557 1558 1570 1569
f 1558 1559 1571 1570
f 1559 1560 1572 1571
f 1560 1561 1573 1572
f 1561 1562 1574 1573
f 1562 1563 1575 1574
f 1563 1564 1576 1575
f 1564 1553 1565 1576
f 1565 1566 1578 1577
f 1566 1567 1579 1578
f 1567 1568 1580 1579
f 1568 1569 1581 1580
f 1569 1570 1582 1581
f 1570 1571 1583 1582
f 1571 1572 1584 1583
f 1572 1573 1585 1584
f 1573 1574 1586 1585
f 1574 1575 1587 1586
f 1575 1576 1588 1587
f 1576 1565 1577 1588
f 1577 1578 1590 1589
f 1578 1579 1591 1590
f 1579 1580 1592 1591
f 1580 1581 1593 1592
f 1581 1582 1594 1593
f 1582 1583 1595 1594
f 1583 1584 1596 1595
f 1584 1585 1597 1596
f 1585 1586 1598 1597
f 1586 1587 1599 1598
f 1587 1588 1600 1599
f 1588 1577 1589 1600
f 1589 1590 1602 1601
f 1590 1591 1603 1602
f 1591 1592 1604 1603
f 1592 1593 1605 1604
f 1593 1594 1606 1605
f 1594 1595 1607 1606
f 1595 1596 1608 1607
f 1596 1597 1609 1608
f 1597 1598 1610 1609
f 1598 1599 1611 1610
f 1599 1600 1612 1611
f 1600 1589 1601 1612
f 1601 1602 1614 1613
f 1602 1603 1615 1614
f 1603 1604 1616 1615
f 1604 1605 1617 1616
f 1605 1606 1618 1617
f 1606 1607 1619 1618
f 1607 1608 1620 1619
f 1608 1609 1621 1620
f 1609 1610 1622 1621
f 1610 1611 1623 1622
f 1611 1612 1624 1623
f 1612 1601 1613 1624
f 1613 1614 1626 1625
f 1614 1615 1627 1626
f 1615 1616 1628 1627
f 1616 1617 1629 1628
f 1617 1618 1630 1629
f 1618 1619 1631 1630
f 1619 1620 1632 1631
f 1620 1621 1633 1632
f 1621 1622 1634 1633
f 1622 1623 1635 1634
f 1623 1624 1636 1635
f 1624 1613 1625 1636
f 1625 1626 1638 1637
f 1626 1627 1639 1638
f 1627 1628 1640 1639
f 1628 1629 1641 1640
f 1629 1630 1642 1641
f 1630 1631 1643 1642
f 1631 1632 1644 1643
f 1632 1633 1645 1644
f 1633 1634 1646 1645
f 1634 1635 1647 1646
f 1635 1636 1648 1647
f 1636 1625 1637 1648
f 1637 1638 1650 1649
f 1638 1639 1651 1650
f 1639 1640 1652 1651
f 1640 1641 1653 1652
f 1641 1642 1654 1653
f 1642 1643 1655 1654
f 1643 1644 1656 1655
f 1644 1645 1657 1656
f 1645 1646 1658 1657
f 1646 1647 1659 1658
f 1647 1648 1660 1659
f 1648 1637 1649 1660
f 1649 1650 1662 1661
f 1650 1651 1663 1662
f 1651 1652 1664 1663
f 1652 1653 1665 1664
f 1653 1654 1666 1665
f 1654 1655 1667 1666
f 1655 1656 1668 1667
f 1656 1657 1669 1668
f 1657 1658 1670 1669
f 1658 1659 1671 1670
f 1659 1660 1672 1671
f 1660 1649 1661 1672
f 1661 1662 1674 1673
f 1662 1663 1675 1674
f 1663 1664 1676 1675
f 1664 1665 1677 1676
f 1665 1666 1678 1677
f 1666 1667 1679 1678
f 1667 1668 1680 1679
f 1668 1669 1681 1680
f 1669 1670 1682 1681
f 1670 1671 1683 1682
f 1671 1672 1684 1683
f 1672 1661 1673 1684
f 1673 1674 1686 1685
f 1674 1675 1687 1686
f 1675 1676 1688 1687
f 1676 1677 1689 1688
f 1677 1678 1690 1689
f 1678 1679 1691 1690
f 1679 1680 1692 1691
f 1680 1681 1693 1692
f 1681 1682 1694 1693
f 1682 1683 1695 1694
f 1683 1684 1696 1695
f 1684 1673 1685 1696
f 1685 1686 1698 1697
f 1686 1687 1699 1698
f 1687 1688 1700 1699
f 1688 1689 1701 1700
f 1689 1690 1702 1701
f 1690 1691 1703 1702
f 1691 1692 1704 1703
f 1692 1693 1705 1704
f 1693 1694 1706 1705
f 1694 1695 1707 1706
f 1695 1696 1708 1707
f 1696 1685 1697 1708
f 1697 1698 1710 1709
f 1698 1699 1711 1710
f 1699 1700 1712 1711
f 1700 1701 1713 1712
f 1701 1702 1714 1713
f 1702 1703 1715 1714
f 1703 1704 1716 1715
f 1704 1705 1717 1716
f 1705 1706 1718 1717
f 1706 1707 1719 1718
f 1707 1708 1720 1719
f 1708 1697 1709 1720
f 1709 1710 1722 1721
f 1710 1711 1723 1722
f 1711 1712 1724 1723
f 1712 1713 1725 1724
f 1713 1714 1726 1725
f 1714 1715 1727 1726
f 1715 1716 1728 1727
f 1716 1717 1729 1728
f 1717 1718 1730 1729
f 1718 1719 1731 1730
f 1719 1720 1732 1731
f 1720 1709 1721 1732
f 1721 1722 1734 1733
f 1722 1723 1735 1734
f 1723 1724 1736 1735
f 1724 1725 1737 1736
f 1725 1726 1738 1737
f 1726 1727 1739 1738
f 1727 1728 1740 1739
f 1728 1729 1741 1740
f 1729 1730 1742 1741
f 1730 1731 1743 1742
f 1731 1732 1744 1743
f 1732 1721 1733 1744
f 1733 1734 1746 1745
f 1734 1735 1747 1746
f 1735 1736 1748 1747
f 1736 1737 1749 1748
f 1737 1738 1750 1749
f 1738 1739 1751 1750
f 1739 1740 1752 1751
f 1740 1741 1753 1752
f 1741 1742 1754 1753
f 1742 1743 1755 1754
f 1743 1744 1756 1755
f 1744 1733 1745 1756
f 1745 1746 1758 1757
f 1746 1747 1759 1758
f 1747 1748 1760 1759
f 1748 1749 1761 1760
f 1749 1750 1762 1761
f 1750 1751 1763 1762
f 1751 1752 1764 1763
f 1752 1753 1765 1764
f 1753 1754 1766 1765
f 1754 1755 1767 1766
f 1755 1756 1768 1767
f 1756 1745 1757 1768
f 1757 1758 1770 1769
f 1758 1759 1771 1770
f 1759 1760 1772 1771
f 1760 1761 1773 1772
f 1761 1762 1774 1773
f 1762 1763 1775 1774
f 1763 1764 1776 1775
f 1764 1765 1777 1776
f 1765 1766 1778 1777
f 1766 1767 1779 1778
f 1767 1768 1780 1779
f 1768 1757 1769 1780
f 1769 1770 1782 1781
f 1770 1771 1783 1782
f 1771 1772 1784 1783
f 1772 1773 1785 1784
f 1773 1774 1786 1785
f 1774 1775 1787 1786
f 1775 1776 1788 1787
f 1776 1777 1789 1788
f 1777 1778 1790 1789
f 1778 1779 1791 1790
f 1779 1780 1792 1791
f 1780 1769 1781 1792
f 1781 1782 1794 1793
f 1782 1783 1795 1794
f 1783 1784 1796 1795
f 1784 1785 1797 1796
f 1785 1786 1798 1797
f 1786 1787 1799 1798
f 1787 1788 1800 1799
f 1788 1789 1801 1800
f 1789 1790 1802 1801
f 1790 1791 1803 1802
f 1791 1792 1804 1803
f 1792 1781 1793 1804
f 1793 1794 1806 1805
f 1794 1795 1807 1806
f 1795 1796 1808 1807
f 1796 1797 1809 1808
f 1797 1798 1810 1809
f 1798 1799 1811 1810
f 1799 1800 1812 1811
f 1800 1801 1813 1812
f 1801 1802 1814 1813
f 1802 1803 1815 1814
f 1803 1804 1816 1815
f 1804 1793 1805 1816
f 1805 1806 1818 1817
f 1806 1807 1819 1818
f 1807 1808 1820 1819
f 1808 1809 1821 1820
f 1809 1810 1822 1821
f 1810 1811 1823 1822
f 1811 1812 1824 1823
f 1812 1813 1825 1824
f 1813 1814 1826 1825
f 1814 1815 1827 1826
f 1815 1816 1828 1827
f 1816 1805 1817 1828
f 1817 1818 1830 1829
f 1818 1819 1831 1830
f 1819 1820 1832 1831
f 1820 1821 1833 1832
f 1821 1822 1834 1833
f 1822 1823 1835 1834
f 1823 1824 1836 1835
f 1824 1825 1837 1836
f 1825 1826 1838 1837
f 1826 1827 1839 1838
f 1827 1828 1840 1839
f 1828 1817 1829 1840
f 1829 1830 1842 1841
f 1830 1831 1843 1842
f 1831 1832 1844 1843
f 1832 1833 1845 1844
f 1833 1834 1846 1845
f 1834 1835 1847 1846
f 1835 1836 1848 1847
f 1836 1837 1849 1848
f 1837 1838 1850 1849
f 1838 1839 1851 1850
f 1839 1840 1852 1851
f 1840 1829 1841 1852
f 1841 1842 1854 1853
f 1842 1843 1855 1854
f 1843 1844 1856 1855
f 1844 1845 1857 1856
f 1845 1846 1858 1857
f 1846 1847 1859 1858
f 1847 1848 1860 1859
f 1848 1849 1861 1860
f 1849 1850 1862 1861
f 1850 1851 1863 1862
f 1851 1852 1864 1863
f 1852 1841 1853 1864
f 1853 1854 1866 1865
f 1854 1855 1867 1866
f 1855 1856 1868 1867
f 1856 1857 1869 1868
f 1857 1858 1870 1869
f 1858 1859 1871 1870
f 1859 1860 1872 1871
f 1860 1861 1873 1872
f 1861 1862 1874 1873
f 1862 1863 1875 1874
f 1863 1864 1876 1875
f 1864 1853 1865 1876
f 1865 1866 1878 1877
f 1866 1867 1879 1878
f 1867 1868 1880 1879
f 1868 1869 1881 1880
f 1869 1870 1882 1881
f 1870 1871 1883 1882
f 1871 1872 1884 1883
f 1872 1873 1885 1884
f 1873 1874 1886 1885
f 1874 1875 1887 1886
f 1875 1876 1888 1887
f 1876 1865 1877 1888
f 1877 1878 1890 1889
f 1878 1879 1891 1890
f 1879 1880 1892 1891
f 1880 1881 1893 1892
f 1881 1882 1894 1893
f 1882 1883 1895 1894
f 1883 1884 1896 1895
f 1884 1885 1897 1896
f 1885 1886 1898 1897
f 1886 1887 1899 1898
f 1887 1888 1900 1899
f 1888 1877 1889 1900
f 1889 1890 1902 1901
f 1890 1891 1903 1902
f 1891 1892 1904 1903
f 1892 1893 1905 1904
f 1893 1894 1906 1905
f 1894 1895 1907 1906
f 1895 1896 1908 1907
f 1896 1897 1909 1908
f 1897 1898 1910 1909
f 1898 1899 1911 1910
f 1899 1900 1912 1911
f 1900 1889 1901 1912
f 1901 1902 1914 1913
f 1902 1903 1915 1914
f 1903 1904 1916 1915
f 1904 1905 1917 1916
f 1905 1906 1918 1917
f 1906 1907 1919 1918
f 1907 1908 1920 1919
f 1908 1909 1921 1920
f 1909 1910 1922 1921
f 1910 1911 1923 1922
f 1911 1912 1924 1923
f 1912 1901 1913 1924
f 1913 1914 1926 1925
f 1914 1915 1927 1926
f 1915 1916 1928 1927
f 1916 1917 1929 1928
f 1917 1918 1930 1929
f 1918 1919 1931 1930
f 1919 1920 1932 1931
f 1920 1921 1933 1932
f 1921 1922 1934 1933
f 1922 1923 1935 1934
f 1923 1924 1936 1935
f 1924 1913 1925 1936
f 1925 1926 1938 1937
f 1926 1927 1939 1938
f 1927 1928 1940 1939
f 1928 1929 1941 1940
f 1929 1930 1942 1941
f 1930 1931 1943 1942
f 1931 1932 1944 1943
f 1932 1933 1945 1944
f 1933 1934 1946 1945
f 1934 1935 1947 1946
f 1935 1936 1948 1947
f 1936 1925 1937 1948
f 1937 1938 1950 1949
f 1938 1939 1951 1950
f 1939 1940 1952 1951
f 1940 1941 1953 1952
f 1941 1942 1954 1953
f 1942 1943 1955 1954
f 1943 1944 1956 1955
f 1944 1945 1957 1956
f 1945 1946 1958 1957
f 1946 1947 1959 1958
f 1947 1948 1960 1959
f 1948 1937 1949 1960
f 1949 1950 1962 1961
f 1950 1951 1963 1962
f 1951 1952 1964 1963
f 1952 1953 1965 1964
f 1953 1954 1966 1965
f 1954 1955 1967 1966
f 1955 1956 1968 1967
f 1956 1957 1969 1968
f 1957 1958 1970 1969
f 1958 1959 1971 1970
f 1959 1960 1972 1971
f 1960 1949 1961 1972
f 1961 1962 1974 1973
f 1962 1963 1975 1974
f 1963 1964 1976 1975
f 1964 1965 1977 1976
f 1965 1966 1978 1977
f 1966 1967 1979 1978
f 1967 1968 1980 1979
f 1968 1969 1981 1980
f 1969 1970 1982 1981
f 1970 1971 1983 1982
f 1971 1972 1984 1983
f 1972 1961 1973 1984
f 1973 1974 1986 1985
f 1974 1975 1987 1986
f 1975 1976 1988 1987
f 1976 1977 1989 1988
f 1977 1978 1990 1989
f 1978 1979 1991 1990
f 1979 1980 1992 1991
f 1980 1981 1993 1992
f 1981 1982 1994 1993
f 1982 1983 1995 1994
f 1983 1984 1996 1995
f 1984 1973 1985 1996
f 1985 1986 1998 1997
f 1986 1987 1999 1998
f 1987 1988 2000 1999
f 1988 1989 2001 2000
f 1989 1990 2002 2001
f 1990 1991 2003 2002
f 1991 1992 2004 2003
f 1992 1993 2005 2004
f 1993 1994 2006 2005
f 1994 1995 2007 2006
f 1995 1996 2008 2007
f 1996 1985 1997 2008
f 1997 1998 2010 2009
f 1998 1999 2011 2010
f 1999 2000 2012 2011
f 2000 2001 2013 2012
f 2001 2002 2014 2013
f 2002 2003 2015 2014
f 2003 2004 2016 2015
f 2004 2005 2017 2016
f 2005 2006 2018 2017
f 2006 2007 2019 2018
f 2007 2008 2020 2019
f 2008 1997 2009 2020
f 2009 2010 2022 2021
f 2010 2011 2023 2022
f 2011 2012 2024 2023
f 2012 2013 2025 2024
f 2013 2014 2026 2025
f 2014 2015 2027 2026
f 2015 2016 2028 2027
f 2016 2017 2029 2028
f 2017 2018 2030 2029
f 2018 2019 2031 2030
f 2019 2020 2032 2031
f 2020 2009 2021 2032
f 2021 2022 2034 2033
f 2022 2023 2035 2034
f 2023 2024 2036 2035
f 2024 2025 2037 2036
f 2025 2026 2038 2037
f 2026 2027 2039 2038
f 2027 2028 2040 2039
f 2028 2029 2041 2040
f 2029 2030 2042 2041
f 2030 2031 2043 2042
f 2031 2032 2044 2043
f 2032 2021 2033 2044
f 2033 2034 2046 2045
f 2034 2035 2047 2046
f 2035 2036 2048 2047
f 2036 2037 2049 2048
f 2037 2038 2050 2049
f 2038 2039 2051 2050
f 2039 2040 2052 2051
f 2040 2041 2053 2052
f 2041 2042 2054 2053
f 2042 2043 2055 2054
f 2043 2044 2056 2055
f 2044 2033 2045 2056
f 2045 2046 2058 2057
f 2046 2047 2059 2058
f 2047 2048 2060 2059
f 2048 2049 2061 2060
f 2049 2050 2062 2061
f 2050 2051 2063 2062
f 2051 2052 2064 2063
f 2052 2053 2065 2064
f 2053 2054 2066 2065
f 2054 2055 2067 2066
f 2055 2056 2068 2067
f 2056 2045 2057 2068
f 2057 2058 2070 2069
f 2058 2059 2071 2070
f 2059 2060 2072 2071
f 2060 2061 2073 2072
f 2061 2062 2074 2073
f 2062 2063 2075 2074
f 2063 2064 2076 2075
f 2064 2065 2077 2076
f 2065 2066 2078 2077
f 2066 2067 2079 2078
f 2067 2068 2080 2079
f 2068 2057 2069 2080
f 2069 2070 2082 2081
f 2070 2071 2083 2082
f 2071 2072 2084 2083
f 2072 2073 2085 2084
f 2073 2074 2086 2085
f 2074 2075 2087 2086
f 2075 2076 2088 2087
f 2076 2077 2089 2088
f 2077 2078 2090 2089
f 2078 2079 2091 2090
f 2079 2080 2092 2091
f 2080 2069 2081 2092
f 2081 2082 2094 2093
f 2082 2083 2095 2094
f 2083 2084 2096 2095
f 2084 2085 2097 2096
f 2085 2086 2098 2097
f 2086 2087 2099 2098
f 2087 2088 2100 2099
f 2088 2089 2101 2100
f 2089 2090 2102 2101
f 2090 2091 2103 2102
f 2091 2092 2104 2103
f 2092 2081 2093 2104
f 2093 2094 2106 2105
f 2094 2095 2107 2106
f 2095 2096 2108 2107
f 2096 2097 2109 2108
f 2097 2098 2110 2109
f 2098 2099 2111 2110
f 2099 2100 2112 2111
f 2100 2101 2113 2112
f 2101 2102 2114 2113
f 2102 2103 2115 2114
f 2103 2104 2116 2115
f 2104 2093 2105 2116
f 2105 2106 2118 2117
f 2106 2107 2119 2118
f 2107 2108 2120 2119
f 2108 2109 2121 2120
f 2109 2110 2122 2121
f 2110 2111 2123 2122
f 2111 2112 2124 2123
f 2112 2113 2125 2124
f 2113 2114 2126 2125
f 2114 2115 2127 2126
f 2115 2116 2128 2127
f 2116 2105 2117 2128
f 2117 2118 2130 2129
f 2118 2119 2131 2130
f 2119 2120 2132 2131
f 2120 2121 2133 2132
f 2121 2122 2134 2133
f 2122 2123 2135 2134
f 2123 2124 2136 2135
f 2124 2125 2137 2136
f 2125 2126 2138 2137
f 2126 2127 2139 2138
f 2127 2128 2140 2139
f 2128 2117 2129 2140
f 2129 2130 2142 2141
f 2130 2131 2143 2142
f 2131 2132 2144 2143
f 2132 2133 2145 2144
f 2133 2134 2146 2145
f 2134 2135 2147 2146
f 2135 2136 2148 2147
f 2136 2137 2149 2148
f 2137 2138 2150 2149
f 2138 2139 2151 2150
f 2139 2140 2152 2151
f 2140 2129 2141 2152
f 2141 2142 2154 2153
f 2142 2143 2155 2154
f 2143 2144 2156 2155
f 2144 2145 2157 2156
f 2145 2146 2158 2157
f 2146 2147 2159 2158
f 2147 2148 2160 2159
f 2148 2149 2161 2160
f 2149 2150 2162 2161
f 2150 2151 2163 2162
f 2151 2152 2164 2163
f 2152 2141 2153 2164
f 2153 2154 2166 2165
f 2154 2155 2167 2166
f 2155 2156 2168 2167
f 2156 2157 2169 2168
f 2157 2158 2170 2169
f 2158 2159 2171 2170
f 2159 2160 2172 2171
f 2160 2161 2173 2172
f 2161 2162 2174 2173
f 2162 2163 2175 2174
f 2163 2164 2176 2175
f 2164 2153 2165 2176
f 2165 2166 2178 2177
f 2166 2167 2179 2178
f 2167 2168 2180 2179
f 2168 2169 2181 2180
f 2169 2170 2182 2181
f 2170 2171 2183 2182
f 2171 2172 2184 2183
f 2172 2173 2185 2184
f 2173 2174 2186 2185
f 2174 2175 2187 2186
f 2175 2176 2188 2187
f 2176 2165 2177 2188
f 2177 2178 2190 2189
f 2178 2179 2191 2190
f 2179 2180 2192 2191
f 2180 2181 2193 2192
f 2181 2182 2194 2193
f 2182 2183 2195 2194
f 2183 2184 2196 2195
f 2184 2185 2197 2196
f 2185 2186 2198 2197
f 2186 2187 2199 2198
f 2187 2188 2200 2199
f 2188 2177 2189 2200
f 2189 2190 2202 2201
f 2190 2191 2203 2202
f 2191 2192 2204 2203
f 2192 2193 2205 2204
f 2193 2194 2206 2205
f 2194 2195 2207 2206
f 2195 2196 2208 2207
f 2196 2197 2209 2208
f 2197 2198 2210 2209
f 2198 2199 2211 2210
f 2199 2200 2212 2211
f 2200 2189 2201 2212
f 2201 2202 2214 2213
f 2202 2203 2215 2214
f 2203 2204 2216 2215
f 2204 2205 2217 2216
f 2205 2206 2218 2217
f 2206 2207 2219 2218
f 2207 2208 2220 2219
f 2208 2209 2221 2220
f 2209 2210 2222 2221
f 2210 2211 2223 2222
f 2211 2212 2224 2223
f 2212 2201 2213 2224
f 2213 2214 2226 2225
f 2214 2215 2227 2226
f 2215 2216 2228 2227
f 2216 2217 2229 2228
f 2217 2218 2230 2229
f 2218 2219 2231 2230
f 2219 2220 2232 2231
f 2220 2221 2233 2232
f 2221 2222 2234 2233
f 2222 2223 2235 2234
f 2223 2224 2236 2235
f 2224 2213 2225 2236
f 2225 2226 2238 2237
f 2226 2227 2239 2238
f 2227 2228 2240 2239
f 2228 2229 2241 2240
f 2229 2230 2242 2241
f 2230 2231 2243 2242
f 2231 2232 2244 2243
f 2232 2233 2245 2244
f 2233 2234 2246 2245
f 2234 2235 2247 2246
f 2235 2236 2248 2247
f 2236 2225 2237 2248
f 2237 2238 2250 2249
f 2238 2239 2251 2250
f 2239 2240 2252 2251
f 2240 2241 2253 2252
f 2241 2242 2254 2253
f 2242 2243 2255 2254
f 2243 2244 2256 2255
f 2244 2245 2257 2256
f 2245 2246 2258 2257
f 2246 2247 2259 2258
f 2247 2248 2260 2259
f 2248 2237 2249 2260
f 2249 2250 2262 2261
f 2250 2251 2263 2262
f 2251 2252 2264 2263
f 2252 2253 2265 2264
f 2253 2254 2266 2265
f 2254 2255 2267 2266
f 2255 2256 2268 2267
f 2256 2257 2269 2268
f 2257 2258 2270 2269
f 2258 2259 2271 2270
f 2259 2260 2272 2271
f 2260 2249 2261 2272
f 2261 2262 2274 2273
f 2262 2263 2275 2274
f 2263 2264 2276 2275
f 2264 2265 2277 2276
f 2265 2266 2278 2277
f 2266 2267 2279 2278
f 2267 2268 2280 2279
f 2268 2269 2281 2280
f 2269 2270 2282 2281
f 2270 2271 2283 2282
f 2271 2272 2284 2283
f 2272 2261 2273 2284
f 2273 2274 2286 2285
f 2274 2275 2287 2286
f 2275 2276 2288 2287
f 2276 2277 2289 2288
f 2277 2278 2290 2289
f 2278 2279 2291 2290
f 2279 2280 2292 2291
f 2280 2281 2293 2292
f 2281 2282 2294 2293
f 2282 2283 2295 2294
f 2283 2284 2296 2295
f 2284 2273 2285 2296
f 2285 2286 2298 2297
f 2286 2287 2299 2298
f 2287 2288 2300 2299
f 2288 2289 2301 2300
f 2289 2290 2302 2301
f 2290 2291 2303 2302
f 2291 2292 2304 2303
f 2292 2293 2305 2304
f 2293 2294 2306 2305
f 2294 2295 2307 2306
f 2295 2296 2308 2307
f 2296 2285 2297 2308
f 2297 2298 2310 2309
f 2298 2299 2311 2310
f 2299 2300 2312 2311
f 2300 2301 2313 2312
f 2301 2302 2314 2313
f 2302 2303 2315 2314
f 2303 2304 2316 2315
f 2304 2305 2317 2316
f 2305 2306 2318 2317
f 2306 2307 2319 2318
f 2307 2308 2320 2319
f 2308 2297 2309 2320
f 2309 2310 2322 2321
f 2310 2311 2323 2322
f 2311 2312 2324 2323
f 2312 2313 2325 2324
f 2313 2314 2326 2325
f 2314 2315 2327 2326
f 2315 2316 2328 2327
f 2316 2317 2329 2328
f 2317 2318 2330 2329
f 2318 2319 2331 2330
f 2319 2320 2332 2331
f 2320 2309 2321 2332
f 2321 2322 2334 2333
f 2322 2323 2335 2334
f 2323 2324 2336 2335
f 2324 2325 2337 2336
f 2325 2326 2338 2337
f 2326 2327 2339 2338
f 2327 2328 2340 2339
f 2328 2329 2341 2340
f 2329 2330 2342 2341
f 2330 2331 2343 2342
f 2331 2332 2344 2343
f 2332 2321 2333 2344
f 2333 2334 2346 2345
f 2334 2335 2347 2346
f 2335 2336 2348 2347
f 2336 2337 2349 2348
f 2337 2338 2350 2349
f 2338 2339 2351 2350
f 2339 2340 2352 2351
f 2340 2341 2353 2352
f 2341 2342 2354 2353
f 2342 2343 2355 2354
f 2343 2344 2356 2355
f 2344 2333 2345 2356
f 2345 2346 2358 2357
f 2346 2347 2359 2358
f 2347 2348 2360 2359
f 2348 2349 2361 2360
f 2349 2350 2362 2361
f 2350 2351 2363 2362
f 2351 2352 2364 2363
f 2352 2353 2365 2364
f 2353 2354 2366 2365
f 2354 2355 2367 2366
f 2355 2356 2368 2367
f 2356 2345 2357 2368
f 2357 2358 2370 2369
f 2358 2359 2371 2370
f 2359 2360 2372 2371
f 2360 2361 2373 2372
f 2361 2362 2374 2373
f 2362 2363 2375 2374
f 2363 2364 2376 2375
f 2364 2365 2377 2376
f 2365 2366 2378 2377
f 2366 2367 2379 2378
f 2367 2368 2380 2379
f 2368 2357 2369 2380
f 2369 2370 2382 2381
f 2370 2371 2383 2382
f 2371 2372 2384 2383
f 2372 2373 2385 2384
f 2373 2374 2386 2385
f 2374 2375 2387 2386
f 2375 2376 2388 2387
f 2376 2377 2389 2388
f 2377 2378 2390 2389
f 2378 2379 2391 2390
f 2379 2380 2392 2391
f 2380 2369 2381 2392
f 2381 2382 2394 2393
f 2382 2383 2395 2394
f 2383 2384 2396 2395
f 2384 2385 2397 2396
f 2385 2386 2398 2397
f 2386 2387 2399 2398
f 2387 2388 2400 2399
f 2388 2389 2401 2400
f 2389 2390 2402 2401
f 2390 2391 2403 2402
f 2391 2392 2404 2403
f 2392 2381 2393 2404
f 2393 2394 2406 2405
f 2394 2395 2407 2406
f 2395 2396 2408 2407
f 2396 2397 2409 2408
f 2397 2398 2410 2409
f 2398 2399 2411 2410
f 2399 2400 2412 2411
f 2400 2401 2413 2412
f 2401 2402 2414 2413
f 2402 2403 2415 2414
f 2403 2404 2416 2415
f 2404 2393 2405 2416
f 2405 2406 2418 2417
f 2406 2407 2419 2418
f 2407 2408 2420 2419
f 2408 2409 2421 2420
f 2409 2410 2422 2421
f 2410 2411 2423 2422
f 2411 2412 2424 2423
f 2412 2413 2425 2424
f 2413 2414 2426 2425
f 2414 2415 2427 2426
f 2415 2416 2428 2427
f 2416 2405 2417 2428
f 2417 2418 2430 2429
f 2418 2419 2431 2430
f 2419 2420 2432 2431
f 2420 2421 2433 2432
f 2421 2422 2434 2433
f 2422 2423 2435 2434
f 2423 2424 2436 2435
f 2424 2425 2437 2436
f 2425 2426 2438 2437
f 2426 2427 2439 2438
f 2427 2428 2440 2439
f 2428 2417 2429 2440
f 2429 2430 2442 2441
f 2430 2431 2443 2442
f 2431 2432 2444 2443
f 2432 2433 2445 2444
f 2433 2434 2446 2445
f 2434 2435 2447 2446
f 2435 2436 2448 2447
f 2436 2437 2449 2448
f 2437 2438 2450 2449
f 2438 2439 2451 2450
f 2439 2440 2452 2451
f 2440 2429 2441 2452
f 2441 2442 2454 2453
f 2442 2443 2455 2454
f 2443 2444 2456 2455
f 2444 2445 2457 2456
f 2445 2446 2458 2457
f 2446 2447 2459 2458
f 2447 2448 2460 2459
f 2448 2449 2461 2460
f 2449 2450 2462 2461
f 2450 2451 2463 2462
f 2451 2452 2464 2463
f 2452 2441 2453 2464
f 2453 2454 2466 2465
f 2454 2455 2467 2466
f 2455 2456 2468 2467
f 2456 2457 2469 2468
f 2457 2458 2470 2469
f 2458 2459 2471 2470
f 2459 2460 2472 2471
f 2460 2461 2473 2472
f 2461 2462 2474 2473
f 2462 2463 2475 2474
f 2463 2464 2476 2475
f 2464 2453 2465 2476
f 2465 2466 2478 2477
f 2466 2467 2479 2478
f 2467 2468 2480 2479
f 2468 2469 2481 2480
f 2469 2470 2482 2481
f 2470 2471 2483 2482
f 2471 2472 2484 2483
f 2472 2473 2485 2484
f 2473 2474 2486 2485
f 2474 2475 2487 2486
f 2475 2476 2488 2487
f 2476 2465 2477 2488
f 2477 2478 2490 2489
f 2478 2479 2491 2490
f 2479 2480 2492 2491
f 2480 2481 2493 2492
f 2481 2482 2494 2493
f 2482 2483 2495 2494
f 2483 2484 2496 2495
f 2484 2485 2497 2496
f 2485 2486 2498 2497
f 2486 2487 2499 2498
f 2487 2488 2500 2499
f 2488 2477 2489 2500
f 2489 2490 2502 2501
f 2490 2491 2503 2502
f 2491 2492 2504 2503
f 2492 2493 2505 2504
f 2493 2494 2506 2505
f 2494 2495 2507 2506
f 2495 2496 2508 2507
f 2496 2497 2509 2508
f 2497 2498 2510 2509
f 2498 2499 2511 2510
f 2499 2500 2512 2511
f 2500 2489 2501 2512
f 2501 2502 2514 2513
f 2502 2503 2515 2514
f 2503 2504 2516 2515
f 2504 2505 2517 2516
f 2505 2506 2518 2517
f 2506 2507 2519 2518
f 2507 2508 2520 2519
f 2508 2509 2521 2520
f 2509 2510 2522 2521
f 2510 2511 2523 2522
f 2511 2512 2524 2523
f 2512 2501 2513 2524
f 2513 2514 2526 2525
f 2514 2515 2527 2526
f 2515 2516 2528 2527
f 2516 2517 2529 2528
f 2517 2518 2530 2529
f 2518 2519 2531 2530
f 2519 2520 2532 2531
f 2520 2521 2533 2532
f 2521 2522 2534 2533
f 2522 2523 2535 2534
f 2523 2524 2536 2535
f 2524 2513 2525 2536
f 2525 2526 2538 2537
f 2526 2527 2539 2538
f 2527 2528 2540 2539
f 2528 2529 2541 2540
f 2529 2530 2542 2541
f 2530 2531 2543 2542
f 2531 2532 2544 2543
f 2532 2533 2545 2544
f 2533 2534 2546 2545
f 2534 2535 2547 2546
f 2535 2536 2548 2547
f 2536 2525 2537 2548
f 2537 2538 2550 2549
f 2538 2539 2551 2550
f 2539 2540 2552 2551
f 2540 2541 2553 2552
f 2541 2542 2554 2553
f 2542 2543 2555 2554
f 2543 2544 2556 2555
f 2544 2545 2557 2556
f 2545 2546 2558 2557
f 2546 2547 2559 2558
f 2547 2548 2560 2559
f 2548 2537 2549 2560
f 2549 2550 2562 2561
f 2550 2551 2563 2562
f 2551 2552 2564 2563
f 2552 2553 2565 2564
f 2553 2554 2566 2565
f 2554 2555 2567 2566
f 2555 2556 2568 2567
f 2556 2557 2569 2568
f 2557 2558 2570 2569
f 2558 2559 2571 2570
f 2559 2560 2572 2571
f 2560 2549 2561 2572
f 2561 2562 2574 2573
f 2562 2563 2575 2574
f 2563 2564 2576 2575
f 2564 2565 2577 2576
f 2565 2566 2578 2577
f 2566 2567 2579 2578
f 2567 2568 2580 2579
f 2568 2569 2581 2580
f 2569 2570 2582 2581
f 2570 2571 2583 2582
f 2571 2572 2584 2583
f 2572 2561 2573 2584
f 2573 2574 2586 2585
f 2574 2575 2587 2586
f 2575 2576 2588 2587
f 2576 2577 2589 2588
f 2577 2578 2590 2589
f 2578 2579 2591 2590
f 2579 2580 2592 2591
f 2580 2581 2593 2592
f 2581 2582 2594 2593
f 2582 2583 2595 2594
f 2583 2584 2596 2595
f 2584 2573 2585 2596
f 2585 2586 2598 2597
f 2586 2587 2599 2598
f 2587 2588 2600 2599
f 2588 2589 2601 2600
f 2589 2590 2602 2601
f 2590 2591 2603 2602
f 2591 2592 2604 2603
f 2592 2593 2605 2604
f 2593 2594 2606 2605
f 2594 2595 2607 2606
f 2595 2596 2608 2607
f 2596 2585 2597 2608
f 2597 2598 2610 2609
f 2598 2599 2611 2610
f 2599 2600 2612 2611
f 2600 2601 2613 2612
f 2601 2602 2614 2613
f 2602 2603 2615 2614
f 2603 2604 2616 2615
f 2604 2605 2617 2616
f 2605 2606 2618 2617
f 2606 2607 2619 2618
f 2607 2608 2620 2619
f 2608 2597 2609 2620
f 2609 2610 2622 2621
f 2610 2611 2623 2622
f 2611 2612 2624 2623
f 2612 2613 2625 2624
f 2613 2614 2626 2625
f 2614 2615 2627 2626
f 2615 2616 2628 2627
f 2616 2617 2629 2628
f 2617 2618 2630 2629
f 2618 2619 2631 2630
f 2619 2620 2632 2631
f 2620 2609 2621 2632
f 2621 2622 2634 2633
f 2622 2623 2635 2634
f 2623 2624 2636 2635
f 2624 2625 2637 2636
f 2625 2626 2638 2637
f 2626 2627 2639 2638
f 2627 2628 2640 2639
f 2628 2629 2641 2640
f 2629 2630 2642 2641
f 2630 2631 2643 2642
f 2631 2632 2644 2643
f 2632 2621 2633 2644
f 2633 2634 2646 2645
f 2634 2635 2647 2646
f 2635 2636 2648 2647
f 2636 2637 2649 2648
f 2637 2638 2650 2649
f 2638 2639 2651 2650
f 2639 2640 2652 2651
f 2640 2641 2653 2652
f 2641 2642 2654 2653
f 2642 2643 2655 2654
f 2643 2644 2656 2655
f 2644 2633 2645 2656
f 2645 2646 2658 2657
f 2646 2647 2659 2658
f 2647 2648 2660 2659
f 2648 2649 2661 2660
f 2649 2650 2662 2661
f 2650 2651 2663 2662
f 2651 2652 2664 2663
f 2652 2653 2665 2664
f 2653 2654 2666 2665
f 2654 2655 2667 2666
f 2655 2656 2668 2667
f 2656 2645 2657 2668
f 2657 2658 2670 2669
f 2658 2659 2671 2670
f 2659 2660 2672 2671
f 2660 2661 2673 2672
f 2661 2662 2674 2673
f 2662 2663 2675 2674
f 2663 2664 2676 2675
f 2664 2665 2677 2676
f 2665 2666 2678 2677
f 2666 2667 2679 2678
f 2667 2668 2680 2679
f 2668 2657 2669 2680
f 2669 2670 2682 2681
f 2670 2671 2683 2682
f 2671 2672 2684 2683
f 2672 2673 2685 2684
f 2673 2674 2686 2685
f 2674 2675 2687 2686
f 2675 2676 2688 2687
f 2676 2677 2689 2688
f 2677 2678 2690 2689
f 2678 2679 2691 2690
f 2679 2680 2692 2691
f 2680 2669 2681 2692
f 2681 2682 2694 2693
f 2682 2683 2695 2694
f 2683 2684 2696 2695
f 2684 2685 2697 2696
f 2685 2686 2698 2697
f 2686 2687 2699 2698
f 2687 2688 2700 2699
f 2688 2689 2701 2700
f 2689 2690 2702 2701
f 2690 2691 2703 2702
f 2691 2692 2704 2703
f 2692 2681 2693 2704
f 2693 2694 2706 2705
f 2694 2695 2707 2706
f 2695 2696 2708 2707
f 2696 2697 2709 2708
f 2697 2698 2710 2709
f 2698 2699 2711 2710
f 2699 2700 2712 2711
f 2700 2701 2713 2712
f 2701 2702 2714 2713
f 2702 2703 2715 2714
f 2703 2704 2716 2715
f 2704 2693 2705 2716
f 2705 2706 2718 2717
f 2706 2707 2719 2718
f 2707 2708 2720 2719
f 2708 2709 2721 2720
f 2709 2710 2722 2721
f 2710 2711 2723 2722
f 2711 2712 2724 2723
f 2712 2713 2725 2724
f 2713 2714 2726 2725
f 2714 2715 2727 2726
f 2715 2716 2728 2727
f 2716 2705 2717 2728
f 2717 2718 2730 2729
f 2718 2719 2731 2730
f 2719 2720 2732 2731
f 2720 2721 2733 2732
f 2721 2722 2734 2733
f 2722 2723 2735 2734
f 2723 2724 2736 2735
f 2724 2725 2737 2736
f 2725 2726 2738 2737
f 2726 2727 2739 2738
f 2727 2728 2740 2739
f 2728 2717 2729 2740
f 2729 2730 2742 2741
f 2730 2731 2743 2742
f 2731 2732 2744 2743
f 2732 2733 2745 2744
f 2733 2734 2746 2745
f 2734 2735 2747 2746
f 2735 2736 2748 2747
f 2736 2737 2749 2748
f 2737 2738 2750 2749
f 2738 2739 2751 2750
f 2739 2740 2752 2751
f 2740 2729 2741 2752
f 2741 2742 2754 2753
f 2742 2743 2755 2754
f 2743 2744 2756 2755
f 2744 2745 2757 2756
f 2745 2746 2758 2757
f 2746 2747 2759 2758
f 2747 2748 2760 2759
f 2748 2749 2761 2760
f 2749 2750 2762 2761
f 2750 2751 2763 2762
f 2751 2752 2764 2763
f 2752 2741 2753 2764
f 2753 2754 2766 2765
f 2754 2755 2767 2766
f 2755 2756 2768 2767
f 2756 2757 2769 2768
f 2757 2758 2770 2769
f 2758 2759 2771 2770
f 2759 2760 2772 2771
f 2760 2761 2773 2772
f 2761 2762 2774 2773
f 2762 2763 2775 2774
f 2763 2764 2776 2775
f 2764 2753 2765 2776
f 2765 2766 2778 2777
f 2766 2767 2779 2778
f 2767 2768 2780 2779
f 2768 2769 2781 2780
f 2769 2770 2782 2781
f 2770 2771 2783 2782
f 2771 2772 2784 2783
f 2772 2773 2785 2784
f 2773 2774 2786 2785
f 2774 2775 2787 2786
f 2775 2776 2788 2787
f 2776 2765 2777 2788
f 2777 2778 2790 2789
f 2778 2779 2791 2790
f 2779 2780 2792 2791
f 2780 2781 2793 2792
f 2781 2782 2794 2793
f 2782 2783 2795 2794
f 2783 2784 2796 2795
f 2784 2785 2797 2796
f 2785 2786 2798 2797
f 2786 2787 2799 2798
f 2787 2788 2800 2799
f 2788 2777 2789 2800
f 2789 2790 2802 2801
f 2790 2791 2803 2802
f 2791 2792 2804 2803
f 2792 2793 2805 2804
f 2793 2794 2806 2805
f 2794 2795 2807 2806
f 2795 2796 2808 2807
f 2796 2797 2809 2808
f 2797 2798 2810 2809
f 2798 2799 2811 2810
f 2799 2800 2812 2811
f 2800 2789 2801 2812
f 2801 2802 2814 2813
f 2802 2803 2815 2814
f 2803 2804 2816 2815
f 2804 2805 2817 2816
f 2805 2806 2818 2817
f 2806 2807 2819 2818
f 2807 2808 2820 2819
f 2808 2809 2821 2820
f 2809 2810 2822 2821
f 2810 2811 2823 2822
f 2811 2812 2824 2823
f 2812 2801 2813 2824
f 2813 2814 2826 2825
f 2814 2815 2827 2826
f 2815 2816 2828 2827
f 2816 2817 2829 2828
f 2817 2818 2830 2829
f 2818 2819 2831 2830
f 2819 2820 2832 2831
f 2820 2821 2833 2832
f 2821 2822 2834 2833
f 2822 2823 2835 2834
f 2823 2824 2836 2835
f 2824 2813 2825 2836
f 2825 2826 2838 2837
f 2826 2827 2839 2838
f 2827 2828 2840 2839
f 2828 2829 2841 2840
f 2829 2830 2842 2841
f 2830 2831 2843 2842
f 2831 2832 2844 2843
f 2832 2833 2845 2844
f 2833 2834 2846 2845
f 2834 2835 2847 2846
f 2835 2836 2848 2847
f 2836 2825 2837 2848
f 2837 2838 2850 2849
f 2838 2839 2851 2850
f 2839 2840 2852 2851
f 2840 2841 2853 2852
f 2841 2842 2854 2853
f 2842 2843 2855 2854
f 2843 2844 2856 2855
f 2844 2845 2857 2856
f 2845 2846 2858 2857
f 2846 2847 2859 2858
f 2847 2848 2860 2859
f 2848 2837 2849 2860
f 2849 2850 2862 2861
f 2850 2851 2863 2862
f 2851 2852 2864 2863
f 2852 2853 2865 2864
f 2853 2854 2866 2865
f 2854 2855 2867 2866
f 2855 2856 2868 2867
f 2856 2857 2869 2868
f 2857 2858 2870 2869
f 2858 2859 2871 2870
f 2859 2860 2872 2871
f 2860 2849 2861 2872
f 2861 2862 2874 2873
f 2862 2863 2875 2874
f 2863 2864 2876 2875
f 2864 2865 2877 2876
f 2865 2866 2878 2877
f 2866 2867 2879 2878
f 2867 2868 2880 2879
f 2868 2869 2881 2880
f 2869 2870 2882 2881
f 2870 2871 2883 2882
f 2871 2872 2884 2883
f 2872 2861 2873 2884
f 2873 2874 2886 2885
f 2874 2875 2887 2886
f 2875 2876 2888 2887
f 2876 2877 2889 2888
f 2877 2878 2890 2889
f 2878 2879 2891 2890
f 2879 2880 2892 2891
f 2880 2881 2893 2892
f 2881 2882 2894 2893
f 2882 2883 2895 2894
f 2883 2884 2896 2895
f 2884 2873 2885 2896
f 2885 2886 2898 2897
f 2886 2887 2899 2898
f 2887 2888 2900 2899
f 2888 2889 2901 2900
f 2889 2890 2902 2901
f 2890 2891 2903 2902
f 2891 2892 2904 2903
f 2892 2893 2905 2904
f 2893 2894 2906 2905
f 2894 2895 2907 2906
f 2895 2896 2908 2907
f 2896 2885 2897 2908
f 2897 2898 2910 2909
f 2898 2899 2911 2910
f 2899 2900 2912 2911
f 2900 2901 2913 2912
f 2901 2902 2914 2913
f 2902 2903 2915 2914
f 2903 2904 2916 2915
f 2904 2905 2917 2916
f 2905 2906 2918 2917
f 2906 2907 2919 2918
f 2907 2908 2920 2919
f 2908 2897 2909 2920
f 2909 2910 2922 2921
f 2910 2911 2923 2922
f 2911 2912 2924 2923
f 2912 2913 2925 2924
f 2913 2914 2926 2925
f 2914 2915 2927 2926
f 2915 2916 2928 2927
f 2916 2917 2929 2928
f 2917 2918 2930 2929
f 2918 2919 2931 2930
f 2919 2920 2932 2931
f 2920 2909 2921 2932
f 2921 2922 2934 2933
f 2922 2923 2935 2934
f 2923 2924 2936 2935
f 2924 2925 2937 2936
f 2925 2926 2938 2937
f 2926 2927 2939 2938
f 2927 2928 2940 2939
f 2928 2929 2941 2940
f 2929 2930 2942 2941
f 2930 2931 2943 2942
f 2931 2932 2944 2943
f 2932 2921 2933 2944
f 2933 2934 2946 2945
f 2934 2935 2947 2946
f 2935 2936 2948 2947
f 2936 2937 2949 2948
f 2937 2938 2950 2949
f 2938 2939 2951 2950
f 2939 2940 2952 2951
f 2940 2941 2953 2952
f 2941 2942 2954 2953
f 2942 2943 2955 2954
f 2943 2944 2956 2955
f 2944 2933 2945 2956

o TopPad
g TopPad
v 0.620000 0.000000 1.480000
v 0.608087 0.120956 1.480000
v 0.572805 0.237264 1.480000
v 0.515511 0.344454 1.480000
v 0.438406 0.438406 1.480000
v 0.344454 0.515511 1.480000
v 0.237264 0.572805 1.480000
v 0.120956 0.608087 1.480000
v 0.000000 0.620000 1.480000
v -0.120956 0.608087 1.480000
v -0.237264 0.572805 1.480000
v -0.344454 0.515511 1.480000
v -0.438406 0.438406 1.480000
v -0.515511 0.344454 1.480000
v -0.572805 0.237264 1.480000
v -0.608087 0.120956 1.480000
v -0.620000 0.000000 1.480000
v -0.608087 -0.120956 1.480000
v -0.572805 -0.237264 1.480000
v -0.515511 -0.344454 1.480000
v -0.438406 -0.438406 1.480000
v -0.344454 -0.515511 1.480000
v -0.237264 -0.572805 1.480000
v -0.120956 -0.608087 1.480000
v -0.000000 -0.620000 1.480000
v 0.120956 -0.608087 1.480000
v 0.237264 -0.572805 1.480000
v 0.344454 -0.515511 1.480000
v 0.438406 -0.438406 1.480000
v 0.515511 -0.344454 1.480000
v 0.572805 -0.237264 1.480000
v 0.608087 -0.120956 1.480000
v 0.620000 0.000000 1.640000
v 0.608087 0.120956 1.640000
v 0.572805 0.237264 1.640000
v 0.515511 0.344454 1.640000
v 0.438406 0.438406 1.640000
v 0.344454 0.515511 1.640000
v 0.237264 0.572805 1.640000
v 0.120956 0.608087 1.640000
v 0.000000 0.620000 1.640000
v -0.120956 0.608087 1.640000
v -0.237264 0.572805 1.640000
v -0.344454 0.515511 1.640000
v -0.438406 0.438406 1.640000
v -0.515511 0.344454 1.640000
v -0.572805 0.237264 1.640000
v -0.608087 0.120956 1.640000
v -0.620000 0.000000 1.640000
v -0.608087 -0.120956 1.640000
v -0.572805 -0.237264 1.640000
v -0.515511 -0.344454 1.640000
v -0.438406 -0.438406 1.640000
v -0.344454 -0.515511 1.640000
v -0.237264 -0.572805 1.640000
v -0.120956 -0.608087 1.640000
v -0.000000 -0.620000 1.640000
v 0.120956 -0.608087 1.640000
v 0.237264 -0.572805 1.640000
v 0.344454 -0.515511 1.640000
v 0.438406 -0.438406 1.640000
v 0.515511 -0.344454 1.640000
v 0.572805 -0.237264 1.640000
v 0.608087 -0.120956 1.640000
f 2957 2958 2990 2989
f 2958 2959 2991 2990
f 2959 2960 2992 2991
f 2960 2961 2993 2992
f 2961 2962 2994 2993
f 2962 2963 2995 2994
f 2963 2964 2996 2995
f 2964 2965 2997 2996
f 2965 2966 2998 2997
f 2966 2967 2999 2998
f 2967 2968 3000 2999
f 2968 2969 3001 3000
f 2969 2970 3002 3001
f 2970 2971 3003 3002
f 2971 2972 3004 3003
f 2972 2973 3005 3004
f 2973 2974 3006 3005
f 2974 2975 3007 3006
f 2975 2976 3008 3007
f 2976 2977 3009 3008
f 2977 2978 3010 3009
f 2978 2979 3011 3010
f 2979 2980 3012 3011
f 2980 2981 3013 3012
f 2981 2982 3014 3013
f 2982 2983 3015 3014
f 2983 2984 3016 3015
f 2984 2985 3017 3016
f 2985 2986 3018 3017
f 2986 2987 3019 3018
f 2987 2988 3020 3019
f 2988 2957 2989 3020
f 2988 2987 2986 2985 2984 2983 2982 2981 2980 2979 2978 2977 2976 2975 2974 2973 2972 2971 2970 2969 2968 2967 2966 2965 2964 2963 2962 2961 2960 2959 2958 2957
f 2989 2990 2991 2992 2993 2994 2995 2996 2997 2998 2999 3000 3001 3002 3003 3004 3005 3006 3007 3008 3009 3010 3011 3012 3013 3014 3015 3016 3017 3018 3019 3020

o CenterGuide
g CenterGuide
v 0.120000 0.000000 0.220000
v 0.114127 0.037082 0.220000
v 0.097082 0.070534 0.220000
v 0.070534 0.097082 0.220000
v 0.037082 0.114127 0.220000
v 0.000000 0.120000 0.220000
v -0.037082 0.114127 0.220000
v -0.070534 0.097082 0.220000
v -0.097082 0.070534 0.220000
v -0.114127 0.037082 0.220000
v -0.120000 0.000000 0.220000
v -0.114127 -0.037082 0.220000
v -0.097082 -0.070534 0.220000
v -0.070534 -0.097082 0.220000
v -0.037082 -0.114127 0.220000
v -0.000000 -0.120000 0.220000
v 0.037082 -0.114127 0.220000
v 0.070534 -0.097082 0.220000
v 0.097082 -0.070534 0.220000
v 0.114127 -0.037082 0.220000
v 0.120000 0.000000 1.470000
v 0.114127 0.037082 1.470000
v 0.097082 0.070534 1.470000
v 0.070534 0.097082 1.470000
v 0.037082 0.114127 1.470000
v 0.000000 0.120000 1.470000
v -0.037082 0.114127 1.470000
v -0.070534 0.097082 1.470000
v -0.097082 0.070534 1.470000
v -0.114127 0.037082 1.470000
v -0.120000 0.000000 1.470000
v -0.114127 -0.037082 1.470000
v -0.097082 -0.070534 1.470000
v -0.070534 -0.097082 1.470000
v -0.037082 -0.114127 1.470000
v -0.000000 -0.120000 1.470000
v 0.037082 -0.114127 1.470000
v 0.070534 -0.097082 1.470000
v 0.097082 -0.070534 1.470000
v 0.114127 -0.037082 1.470000
f 3021 3022 3042 3041
f 3022 3023 3043 3042
f 3023 3024 3044 3043
f 3024 3025 3045 3044
f 3025 3026 3046 3045
f 3026 3027 3047 3046
f 3027 3028 3048 3047
f 3028 3029 3049 3048
f 3029 3030 3050 3049
f 3030 3031 3051 3050
f 3031 3032 3052 3051
f 3032 3033 3053 3052
f 3033 3034 3054 3053
f 3034 3035 3055 3054
f 3035 3036 3056 3055
f 3036 3037 3057 3056
f 3037 3038 3058 3057
f 3038 3039 3059 3058
f 3039 3040 3060 3059
f 3040 3021 3041 3060
f 3040 3039 3038 3037 3036 3035 3034 3033 3032 3031 3030 3029 3028 3027 3026 3025 3024 3023 3022 3021
f 3041 3042 3043 3044 3045 3046 3047 3048 3049 3050 3051 3052 3053 3054 3055 3056 3057 3058 3059 3060
